application_id,assigned_ra,state,department,tree_department,tier,node_id,portal,topic,treatment,language,needs_translation_review,letter_template,letter_file,fee_inr,reply_due_days
TN-026,RA1,Tamil Nadu,ADI DRAVIDAR AND TRIBAL WELFARE DEPARTMENT,ADI DRAVIDAR AND TRIBAL WELFARE DEPARTMENT,Department,59b5ded32dbc7e5e,rti_tamil_nadu,rti_meta,legal_salience,en,no,templates/legal_salience.txt,applications/RA1/TN-026.txt,10,30
TN-027,RA2,Tamil Nadu,DIRECTORATE OF ADIDRAVIDAR WELFARE,ADI DRAVIDAR AND TRIBAL WELFARE DEPARTMENT,Head of Department,539a9b40c157b20c,rti_tamil_nadu,rti_meta,plain,en,no,templates/plain.txt,applications/RA2/TN-027.txt,10,30
TN-028,RA2,Tamil Nadu,"DIRECTORATE OF TRIBAL WELFARE, CHENNAI",ADI DRAVIDAR AND TRIBAL WELFARE DEPARTMENT,Head of Department,ad34f76513e3d6e5,rti_tamil_nadu,rti_meta,legal_salience,en,no,templates/legal_salience.txt,applications/RA2/TN-028.txt,10,30
TN-029,RA1,Tamil Nadu,"TAMIL NADU ADI DRAVIDAR HOUSING AND DEVELOPMENT CORPORATION (TAHDCO) HEAD OFFICE, CHENNAI",ADI DRAVIDAR AND TRIBAL WELFARE DEPARTMENT,Head of Department,b342d253e974c4fc,rti_tamil_nadu,rti_meta,plain,en,no,templates/plain.txt,applications/RA1/TN-029.txt,10,30
TN-030,RA1,Tamil Nadu,"ADW GOVERNMENT HIGH SCHOOL, OGALUR",ADI DRAVIDAR AND TRIBAL WELFARE DEPARTMENT,Sub Office,044d53dc75a8de3f,rti_tamil_nadu,rti_meta,plain,en,no,templates/plain.txt,applications/RA1/TN-030.txt,10,30
TN-031,RA4,Tamil Nadu,"ADW GOVERNMENT HIGH SCHOOL, VETTIYAKADU",ADI DRAVIDAR AND TRIBAL WELFARE DEPARTMENT,Sub Office,01262a3524c0d78d,rti_tamil_nadu,rti_meta,plain,en,no,templates/plain.txt,applications/RA4/TN-031.txt,10,30
TN-032,RA1,Tamil Nadu,"ADW HIGH SCHOOL, KAPPUR",ADI DRAVIDAR AND TRIBAL WELFARE DEPARTMENT,Sub Office,d608850350a07a57,rti_tamil_nadu,rti_meta,plain,en,no,templates/plain.txt,applications/RA1/TN-032.txt,10,30
TN-033,RA4,Tamil Nadu,"DISTRICT ADIDRAVIDAR AND TRIBAL WELFARE OFFICE, DINDIGUL",ADI DRAVIDAR AND TRIBAL WELFARE DEPARTMENT,Sub Office,2cf2b45528d09052,rti_tamil_nadu,rti_meta,plain,en,no,templates/plain.txt,applications/RA4/TN-033.txt,10,30
TN-034,RA3,Tamil Nadu,"DISTRICT ADIDRAVIDAR AND TRIBAL WELFARE OFFICE, KALLAKURICHI",ADI DRAVIDAR AND TRIBAL WELFARE DEPARTMENT,Sub Office,a0819ead21ccd014,rti_tamil_nadu,rti_meta,plain,en,no,templates/plain.txt,applications/RA3/TN-034.txt,10,30
TN-035,RA2,Tamil Nadu,"DISTRICT ADIDRAVIDAR AND TRIBAL WELFARE OFFICE, KANNIYAKUMARI",ADI DRAVIDAR AND TRIBAL WELFARE DEPARTMENT,Sub Office,75fa8a449bed786d,rti_tamil_nadu,rti_meta,plain,en,no,templates/plain.txt,applications/RA2/TN-035.txt,10,30
TN-036,RA3,Tamil Nadu,"DISTRICT ADIDRAVIDAR AND TRIBAL WELFARE OFFICE, MAYILADUTHURAI",ADI DRAVIDAR AND TRIBAL WELFARE DEPARTMENT,Sub Office,cbd07c8629093926,rti_tamil_nadu,rti_meta,plain,en,no,templates/plain.txt,applications/RA3/TN-036.txt,10,30
TN-037,RA3,Tamil Nadu,"DISTRICT ADIDRAVIDAR AND TRIBAL WELFARE OFFICE, TENKASI",ADI DRAVIDAR AND TRIBAL WELFARE DEPARTMENT,Sub Office,c519a7e505e3b092,rti_tamil_nadu,rti_meta,plain,en,no,templates/plain.txt,applications/RA3/TN-037.txt,10,30
TN-038,RA2,Tamil Nadu,G(B)ADWHIGHER SECONDARY SCHOOL ARAKKONAM,ADI DRAVIDAR AND TRIBAL WELFARE DEPARTMENT,Sub Office,e76d2db6f1401fd7,rti_tamil_nadu,rti_meta,plain,en,no,templates/plain.txt,applications/RA2/TN-038.txt,10,30
TN-039,RA4,Tamil Nadu,"GOVERNMENT ADW HIGH SCHOOL., MINJUR 601203",ADI DRAVIDAR AND TRIBAL WELFARE DEPARTMENT,Sub Office,261f3a8eca669ed8,rti_tamil_nadu,rti_meta,legal_salience,en,no,templates/legal_salience.txt,applications/RA4/TN-039.txt,10,30
TN-040,RA1,Tamil Nadu,"SPECIAL TAHSILDAR (ADIDRAVIDAR WELFARE), HARUR TALUK",ADI DRAVIDAR AND TRIBAL WELFARE DEPARTMENT,Sub Office,2ed07f10b6b0a71f,rti_tamil_nadu,rti_meta,plain,en,no,templates/plain.txt,applications/RA1/TN-040.txt,10,30
TN-041,RA3,Tamil Nadu,"SPECIAL TAHSILDAR (ADIDRAVIDAR WELFARE), KANCHEEPURAM TALUK",ADI DRAVIDAR AND TRIBAL WELFARE DEPARTMENT,Sub Office,c524c5258a23c7b4,rti_tamil_nadu,rti_meta,legal_salience,en,no,templates/legal_salience.txt,applications/RA3/TN-041.txt,10,30
TN-042,RA1,Tamil Nadu,"SPECIAL TAHSILDAR (ADIDRAVIDAR WELFARE), MADURAI NORTH TALUK (UNIT-2)",ADI DRAVIDAR AND TRIBAL WELFARE DEPARTMENT,Sub Office,07ddde80d624525d,rti_tamil_nadu,rti_meta,plain,en,no,templates/plain.txt,applications/RA1/TN-042.txt,10,30
TN-043,RA4,Tamil Nadu,"SPECIAL TAHSILDAR (ADIDRAVIDAR WELFARE), RAMANATHAPURAM TALUK",ADI DRAVIDAR AND TRIBAL WELFARE DEPARTMENT,Sub Office,0f38e6c797efa085,rti_tamil_nadu,rti_meta,legal_salience,en,no,templates/legal_salience.txt,applications/RA4/TN-043.txt,10,30
TN-044,RA1,Tamil Nadu,"SPECIAL TAHSILDAR (ADIDRAVIDAR WELFARE), SANKARANKOIL TALUK",ADI DRAVIDAR AND TRIBAL WELFARE DEPARTMENT,Sub Office,39fc5971ef6b69e4,rti_tamil_nadu,rti_meta,legal_salience,en,no,templates/legal_salience.txt,applications/RA1/TN-044.txt,10,30
TN-045,RA4,Tamil Nadu,"SPECIAL TAHSILDAR (ADIDRAVIDAR WELFARE), THIRUVAIYARU TALUK",ADI DRAVIDAR AND TRIBAL WELFARE DEPARTMENT,Sub Office,6d20520a8700e4c2,rti_tamil_nadu,rti_meta,plain,en,no,templates/plain.txt,applications/RA4/TN-045.txt,10,30
TN-046,RA4,Tamil Nadu,"SPECIAL TAHSILDAR (ADIDRAVIDAR WELFARE), TINDIVANAM TALUK",ADI DRAVIDAR AND TRIBAL WELFARE DEPARTMENT,Sub Office,a06dcced95da70a3,rti_tamil_nadu,rti_meta,plain,en,no,templates/plain.txt,applications/RA4/TN-046.txt,10,30
TN-047,RA2,Tamil Nadu,"SPECIAL TAHSILDAR (ADIDRAVIDAR WELFARE), VELLORE TALUK",ADI DRAVIDAR AND TRIBAL WELFARE DEPARTMENT,Sub Office,7ab6e4233dad29d9,rti_tamil_nadu,rti_meta,plain,en,no,templates/plain.txt,applications/RA2/TN-047.txt,10,30
TN-048,RA1,Tamil Nadu,TAMIL NADU ADI DRAVIDAR HOUSING AND DEVELOPMENT CORPORATION (TAHDCO),ADI DRAVIDAR AND TRIBAL WELFARE DEPARTMENT,Sub Office,72f614268b65682f,rti_tamil_nadu,rti_meta,legal_salience,en,no,templates/legal_salience.txt,applications/RA1/TN-048.txt,10,30
TN-049,RA3,Tamil Nadu,"TAMIL NADU ADI DRAVIDAR HOUSING AND DEVELOPMENT CORPORATION (TAHDCO) DISTRICT OFFICE, COIMBATORE",ADI DRAVIDAR AND TRIBAL WELFARE DEPARTMENT,Sub Office,8dc27eea0ea9b25b,rti_tamil_nadu,rti_meta,plain,en,no,templates/plain.txt,applications/RA3/TN-049.txt,10,30
TN-050,RA3,Tamil Nadu,"TAMIL NADU ADI DRAVIDAR HOUSING AND DEVELOPMENT CORPORATION (TAHDCO) DISTRICT OFFICE,RANIPET",ADI DRAVIDAR AND TRIBAL WELFARE DEPARTMENT,Sub Office,50d0b5d28355058b,rti_tamil_nadu,rti_meta,legal_salience,en,no,templates/legal_salience.txt,applications/RA3/TN-050.txt,10,30
TN-051,RA2,Tamil Nadu,"TAMIL NADU ADI DRAVIDAR HOUSING AND DEVELOPMENT CORPORATION (TAHDCO) DISTRICT OFFICE,VELLORE",ADI DRAVIDAR AND TRIBAL WELFARE DEPARTMENT,Sub Office,45cdf7510fcb8649,rti_tamil_nadu,rti_meta,legal_salience,en,no,templates/legal_salience.txt,applications/RA2/TN-051.txt,10,30
TN-052,RA2,Tamil Nadu,AGRICULTURE AND FARMERS WELFARE DEPARTMENT,AGRICULTURE AND FARMERS WELFARE DEPARTMENT,Department,2c72d0d0c716c14c,rti_tamil_nadu,rti_meta,legal_salience,en,no,templates/legal_salience.txt,applications/RA2/TN-052.txt,10,30
TN-053,RA3,Tamil Nadu,"AGRICULTURAL ENGINEERING DEPARTMENT, CHENNAI",AGRICULTURE AND FARMERS WELFARE DEPARTMENT,Head of Department,b99f5dd2dd29b646,rti_tamil_nadu,rti_meta,plain,en,no,templates/plain.txt,applications/RA3/TN-053.txt,10,30
TN-054,RA4,Tamil Nadu,DIRECTOR OF SUGAR,AGRICULTURE AND FARMERS WELFARE DEPARTMENT,Head of Department,1df7fe47b9914580,rti_tamil_nadu,rti_meta,plain,en,no,templates/plain.txt,applications/RA4/TN-054.txt,10,30
TN-055,RA2,Tamil Nadu,DIRECTORATE OF AGRICULTURE,AGRICULTURE AND FARMERS WELFARE DEPARTMENT,Head of Department,90cf2773dda75034,rti_tamil_nadu,rti_meta,plain,en,no,templates/plain.txt,applications/RA2/TN-055.txt,10,30
TN-056,RA3,Tamil Nadu,"TAMILNADU AGRICULTURAL UNIVERSITY, COIMBATORE",AGRICULTURE AND FARMERS WELFARE DEPARTMENT,Head of Department,1a9cf30ce67dc9e5,rti_tamil_nadu,rti_meta,legal_salience,en,no,templates/legal_salience.txt,applications/RA3/TN-056.txt,10,30
TN-057,RA1,Tamil Nadu,"ASSISTANT DIRECTOR OF SEED CERTIFICATION AND ORGANIC CERTIFICATION, DHARMAPURI",AGRICULTURE AND FARMERS WELFARE DEPARTMENT,Sub Office,9c71673cf568a2ee,rti_tamil_nadu,rti_meta,legal_salience,en,no,templates/legal_salience.txt,applications/RA1/TN-057.txt,10,30
TN-058,RA4,Tamil Nadu,"ASSISTANT DIRECTOR OF SEED CERTIFICATION AND ORGANIC CERTIFICATION, THOOTHUKUDI",AGRICULTURE AND FARMERS WELFARE DEPARTMENT,Sub Office,7d438df5a6f97537,rti_tamil_nadu,rti_meta,legal_salience,en,no,templates/legal_salience.txt,applications/RA4/TN-058.txt,10,30
TN-059,RA3,Tamil Nadu,DEPUTY DIRECTOR OF AGRICULTURE (AGRI BUSINESS) TIRUVALLUR,AGRICULTURE AND FARMERS WELFARE DEPARTMENT,Sub Office,98d6b6145161c47b,rti_tamil_nadu,rti_meta,legal_salience,en,no,templates/legal_salience.txt,applications/RA3/TN-059.txt,10,30
TN-060,RA2,Tamil Nadu,"DEPUTY DIRECTOR OF AGRICULTURE (AGRI BUSINESS), DINDIGUL",AGRICULTURE AND FARMERS WELFARE DEPARTMENT,Sub Office,907ca53a7d1f579b,rti_tamil_nadu,rti_meta,legal_salience,en,no,templates/legal_salience.txt,applications/RA2/TN-060.txt,10,30
TN-061,RA4,Tamil Nadu,"DEPUTY DIRECTOR OF AGRICULTURE (AGRI BUSINESS), KANCHEEPURAM",AGRICULTURE AND FARMERS WELFARE DEPARTMENT,Sub Office,46e495bd4650113f,rti_tamil_nadu,rti_meta,plain,en,no,templates/plain.txt,applications/RA4/TN-061.txt,10,30
TN-062,RA3,Tamil Nadu,"DEPUTY DIRECTOR OF AGRICULTURE (AGRI BUSINESS), MAYILADUTHURAI",AGRICULTURE AND FARMERS WELFARE DEPARTMENT,Sub Office,82b7a91ec7a84144,rti_tamil_nadu,rti_meta,legal_salience,en,no,templates/legal_salience.txt,applications/RA3/TN-062.txt,10,30
TN-063,RA3,Tamil Nadu,"DEPUTY DIRECTOR OF AGRICULTURE (AGRI BUSINESS), PERAMBALUR",AGRICULTURE AND FARMERS WELFARE DEPARTMENT,Sub Office,9e8485eb4e1bf89f,rti_tamil_nadu,rti_meta,plain,en,no,templates/plain.txt,applications/RA3/TN-063.txt,10,30
TN-064,RA1,Tamil Nadu,"DEPUTY DIRECTOR OF AGRICULTURE (AGRI BUSINESS), THOOTHUKUDI",AGRICULTURE AND FARMERS WELFARE DEPARTMENT,Sub Office,238e28ff90fc5b2c,rti_tamil_nadu,rti_meta,plain,en,no,templates/plain.txt,applications/RA1/TN-064.txt,10,30
TN-065,RA2,Tamil Nadu,"DEPUTY DIRECTOR OF AGRICULTURE (AGRI BUSINESS), VILLUPURAM",AGRICULTURE AND FARMERS WELFARE DEPARTMENT,Sub Office,a9c391fd625b93cb,rti_tamil_nadu,rti_meta,plain,en,no,templates/plain.txt,applications/RA2/TN-065.txt,10,30
TN-066,RA1,Tamil Nadu,"DEPUTY DIRECTOR OF SEED INSPECTION,ERODE",AGRICULTURE AND FARMERS WELFARE DEPARTMENT,Sub Office,a6581f3d230e4018,rti_tamil_nadu,rti_meta,plain,en,no,templates/plain.txt,applications/RA1/TN-066.txt,10,30
TN-067,RA4,Tamil Nadu,"JOINT DIRECTOR OF AGRICULTURE, ERODE",AGRICULTURE AND FARMERS WELFARE DEPARTMENT,Sub Office,45324521b5f94ebd,rti_tamil_nadu,rti_meta,plain,en,no,templates/plain.txt,applications/RA4/TN-067.txt,10,30
TN-068,RA4,Tamil Nadu,"JOINT DIRECTOR OF AGRICULTURE, THIRUPATHUR",AGRICULTURE AND FARMERS WELFARE DEPARTMENT,Sub Office,8d6c9946b0163454,rti_tamil_nadu,rti_meta,plain,en,no,templates/plain.txt,applications/RA4/TN-068.txt,10,30
TN-069,RA2,Tamil Nadu,"JOINT DIRECTOR OF AGRICULTURE, THIRUVANNAMALAI",AGRICULTURE AND FARMERS WELFARE DEPARTMENT,Sub Office,b02b251d55a7a9a3,rti_tamil_nadu,rti_meta,plain,en,no,templates/plain.txt,applications/RA2/TN-069.txt,10,30
TN-070,RA1,Tamil Nadu,TIRUPPUR MARKET COMMITTEE,AGRICULTURE AND FARMERS WELFARE DEPARTMENT,Sub Office,b4238b972e0415c1,rti_tamil_nadu,rti_meta,legal_salience,en,no,templates/legal_salience.txt,applications/RA1/TN-070.txt,10,30
TN-071,RA3,Tamil Nadu,VIRUDHUNAGAR MARKET COMMITTEE,AGRICULTURE AND FARMERS WELFARE DEPARTMENT,Sub Office,11ca68aebffd37fe,rti_tamil_nadu,rti_meta,plain,en,no,templates/plain.txt,applications/RA3/TN-071.txt,10,30
TN-072,RA4,Tamil Nadu,"ASSISTANT EXECUTIVE ENGINEER, AGRICULTURAL ENGINEERING, CHIDAMBARAM",AGRICULTURE AND FARMERS WELFARE DEPARTMENT,Sub Office,012877aaf7e39f8c,rti_tamil_nadu,rti_meta,legal_salience,en,no,templates/legal_salience.txt,applications/RA4/TN-072.txt,10,30
TN-073,RA2,Tamil Nadu,"ASSISTANT EXECUTIVE ENGINEER, AGRICULTURAL ENGINEERING, SALEM",AGRICULTURE AND FARMERS WELFARE DEPARTMENT,Sub Office,918dbb1c4ca3c537,rti_tamil_nadu,rti_meta,plain,en,no,templates/plain.txt,applications/RA2/TN-073.txt,10,30
TN-074,RA4,Tamil Nadu,"ASSISTANT EXECUTIVE ENGINEER, AGRICULTURAL ENGINEERING, UTHAMAPALAYAM",AGRICULTURE AND FARMERS WELFARE DEPARTMENT,Sub Office,4ac3a37b0b83d7b6,rti_tamil_nadu,rti_meta,plain,en,no,templates/plain.txt,applications/RA4/TN-074.txt,10,30
TN-075,RA1,Tamil Nadu,REGULATED MARKET MANNACHANALLUR,AGRICULTURE AND FARMERS WELFARE DEPARTMENT,Sub Office,7092460312d96e6d,rti_tamil_nadu,rti_meta,plain,en,no,templates/plain.txt,applications/RA1/TN-075.txt,10,30
TN-076,RA3,Tamil Nadu,"REGULATED MARKET, AVUDAIYARKOVIL",AGRICULTURE AND FARMERS WELFARE DEPARTMENT,Sub Office,baea40f65a4eabdc,rti_tamil_nadu,rti_meta,plain,en,no,templates/plain.txt,applications/RA3/TN-076.txt,10,30
TN-077,RA2,Tamil Nadu,"REGULATED MARKET, ERODE",AGRICULTURE AND FARMERS WELFARE DEPARTMENT,Sub Office,ea4e51f519e5d048,rti_tamil_nadu,rti_meta,plain,en,no,templates/plain.txt,applications/RA2/TN-077.txt,10,30
TN-078,RA2,Tamil Nadu,"REGULATED MARKET, PATTUKKOTTAI",AGRICULTURE AND FARMERS WELFARE DEPARTMENT,Sub Office,ca6905a90edc35f9,rti_tamil_nadu,rti_meta,legal_salience,en,no,templates/legal_salience.txt,applications/RA2/TN-078.txt,10,30
TN-079,RA3,Tamil Nadu,"REGULATED MARKET, PERAVURANI",AGRICULTURE AND FARMERS WELFARE DEPARTMENT,Sub Office,3711ef1cfb972802,rti_tamil_nadu,rti_meta,plain,en,no,templates/plain.txt,applications/RA3/TN-079.txt,10,30
TN-080,RA2,Tamil Nadu,"REGULATED MARKET, REDHILLS",AGRICULTURE AND FARMERS WELFARE DEPARTMENT,Sub Office,3f9e750225db2eae,rti_tamil_nadu,rti_meta,plain,en,no,templates/plain.txt,applications/RA2/TN-080.txt,10,30
TN-081,RA1,Tamil Nadu,"REGULATED MARKET, T.KALLUPATTI",AGRICULTURE AND FARMERS WELFARE DEPARTMENT,Sub Office,58a7fcd21077e545,rti_tamil_nadu,rti_meta,plain,en,no,templates/plain.txt,applications/RA1/TN-081.txt,10,30
TN-082,RA1,Tamil Nadu,"REGULATED MARKET, TIRUVARUR",AGRICULTURE AND FARMERS WELFARE DEPARTMENT,Sub Office,091671d300841dcd,rti_tamil_nadu,rti_meta,plain,en,no,templates/plain.txt,applications/RA1/TN-082.txt,10,30
TN-083,RA4,Tamil Nadu,"ANIMAL HUSBANDRY, DAIRYING, FISHERIES AND FISHERMEN WELFARE DEPARTMENT","ANIMAL HUSBANDRY, DAIRYING, FISHERIES AND FISHERMEN WELFARE DEPARTMENT",Department,9e4ccfba214e0f8c,rti_tamil_nadu,rti_meta,legal_salience,en,no,templates/legal_salience.txt,applications/RA4/TN-083.txt,10,30
TN-084,RA1,Tamil Nadu,"COMMISSIONERATE OF FISHERIES AND FISHERMEN WELFARE, CHENNAI","ANIMAL HUSBANDRY, DAIRYING, FISHERIES AND FISHERMEN WELFARE DEPARTMENT",Head of Department,4f56733cf5ad052e,rti_tamil_nadu,rti_meta,plain,en,no,templates/plain.txt,applications/RA1/TN-084.txt,10,30
TN-085,RA4,Tamil Nadu,"COMMISSIONERATE OF MILK PRODUCTION AND DAIRY DEVELOPMENT, CHENNAI","ANIMAL HUSBANDRY, DAIRYING, FISHERIES AND FISHERMEN WELFARE DEPARTMENT",Head of Department,9e91844d4f1cc8cf,rti_tamil_nadu,rti_meta,plain,en,no,templates/plain.txt,applications/RA4/TN-085.txt,10,30
TN-086,RA3,Tamil Nadu,DIRECTORATE OF ANIMAL HUSBANDRY AND VETERINARY SERVICES,"ANIMAL HUSBANDRY, DAIRYING, FISHERIES AND FISHERMEN WELFARE DEPARTMENT",Head of Department,4f813cfb9edad637,rti_tamil_nadu,rti_meta,plain,en,no,templates/plain.txt,applications/RA3/TN-086.txt,10,30
TN-087,RA1,Tamil Nadu,TAMIL NADU FISHERIES DEVELOPMENT CORPORATION,"ANIMAL HUSBANDRY, DAIRYING, FISHERIES AND FISHERMEN WELFARE DEPARTMENT",Head of Department,b3bf2a364e3a10f7,rti_tamil_nadu,rti_meta,legal_salience,en,no,templates/legal_salience.txt,applications/RA1/TN-087.txt,10,30
TN-088,RA3,Tamil Nadu,"ASSISTANT DIRECTOR OF FISHERIES AND FISHERMEN WELFARE, ARIYALUR","ANIMAL HUSBANDRY, DAIRYING, FISHERIES AND FISHERMEN WELFARE DEPARTMENT",Sub Office,52faac7e253e239c,rti_tamil_nadu,rti_meta,plain,en,no,templates/plain.txt,applications/RA3/TN-088.txt,10,30
TN-089,RA2,Tamil Nadu,"ASSISTANT DIRECTOR OF FISHERIES AND FISHERMEN WELFARE, MAILADUTHURAI","ANIMAL HUSBANDRY, DAIRYING, FISHERIES AND FISHERMEN WELFARE DEPARTMENT",Sub Office,c7df1850e8355720,rti_tamil_nadu,rti_meta,plain,en,no,templates/plain.txt,applications/RA2/TN-089.txt,10,30
TN-090,RA4,Tamil Nadu,"ASSISTANT DIRECTOR OF FISHERIES AND FISHERMEN WELFARE, NAGERCOIL, COLACHEL, KANNIYAKUMARI","ANIMAL HUSBANDRY, DAIRYING, FISHERIES AND FISHERMEN WELFARE DEPARTMENT",Sub Office,0d9993d81f324377,rti_tamil_nadu,rti_meta,legal_salience,en,no,templates/legal_salience.txt,applications/RA4/TN-090.txt,10,30
TN-091,RA3,Tamil Nadu,"ASSISTANT DIRECTOR OF FISHERIES AND FISHERMEN WELFARE, PARANGIPETTAI, CUDDALORE","ANIMAL HUSBANDRY, DAIRYING, FISHERIES AND FISHERMEN WELFARE DEPARTMENT",Sub Office,01686f4a9a73c923,rti_tamil_nadu,rti_meta,legal_salience,en,no,templates/legal_salience.txt,applications/RA3/TN-091.txt,10,30
TN-092,RA1,Tamil Nadu,"ASSISTANT DIRECTOR OF FISHERIES AND FISHERMEN WELFARE, RADHAPURAM, TIRUNELVELI","ANIMAL HUSBANDRY, DAIRYING, FISHERIES AND FISHERMEN WELFARE DEPARTMENT",Sub Office,84dc4970027a7152,rti_tamil_nadu,rti_meta,legal_salience,en,no,templates/legal_salience.txt,applications/RA1/TN-092.txt,10,30
TN-093,RA2,Tamil Nadu,"ASSISTANT DIRECTOR OF FISHERIES AND FISHERMEN WELFARE, RAMESWARAM","ANIMAL HUSBANDRY, DAIRYING, FISHERIES AND FISHERMEN WELFARE DEPARTMENT",Sub Office,581354f2be0e0e38,rti_tamil_nadu,rti_meta,plain,en,no,templates/plain.txt,applications/RA2/TN-093.txt,10,30
TN-094,RA2,Tamil Nadu,"ASSISTANT DIRECTOR OF FISHERIES AND FISHERMEN WELFARE, SIVAKANGAI","ANIMAL HUSBANDRY, DAIRYING, FISHERIES AND FISHERMEN WELFARE DEPARTMENT",Sub Office,e2d1b55add0a0173,rti_tamil_nadu,rti_meta,legal_salience,en,no,templates/legal_salience.txt,applications/RA2/TN-094.txt,10,30
TN-095,RA4,Tamil Nadu,"ASSISTANT DIRECTOR OF FISHERIES AND FISHERMEN WELFARE, TANJAVUR","ANIMAL HUSBANDRY, DAIRYING, FISHERIES AND FISHERMEN WELFARE DEPARTMENT",Sub Office,89d60b9d0aac7bb6,rti_tamil_nadu,rti_meta,plain,en,no,templates/plain.txt,applications/RA4/TN-095.txt,10,30
TN-096,RA3,Tamil Nadu,"ASSISTANT DIRECTOR OF FISHERIES AND FISHERMEN WELFARE,MADURAI","ANIMAL HUSBANDRY, DAIRYING, FISHERIES AND FISHERMEN WELFARE DEPARTMENT",Sub Office,0de1c04821a9a7b8,rti_tamil_nadu,rti_meta,plain,en,no,templates/plain.txt,applications/RA3/TN-096.txt,10,30
TN-097,RA4,Tamil Nadu,"CHIEF ENGINEER, CHENNAI","ANIMAL HUSBANDRY, DAIRYING, FISHERIES AND FISHERMEN WELFARE DEPARTMENT",Sub Office,16b424f0df2f1c3e,rti_tamil_nadu,rti_meta,plain,en,no,templates/plain.txt,applications/RA4/TN-097.txt,10,30
TN-098,RA3,Tamil Nadu,"DEPUTY REGISTRAR(DAIRYING), ARIYALUR.","ANIMAL HUSBANDRY, DAIRYING, FISHERIES AND FISHERMEN WELFARE DEPARTMENT",Sub Office,630c3f0fd3ce9228,rti_tamil_nadu,rti_meta,legal_salience,en,no,templates/legal_salience.txt,applications/RA3/TN-098.txt,10,30
TN-099,RA2,Tamil Nadu,"DEPUTY REGISTRAR(DAIRYING), DHARMAPURI.","ANIMAL HUSBANDRY, DAIRYING, FISHERIES AND FISHERMEN WELFARE DEPARTMENT",Sub Office,78246989696c6615,rti_tamil_nadu,rti_meta,legal_salience,en,no,templates/legal_salience.txt,applications/RA2/TN-099.txt,10,30
TN-100,RA2,Tamil Nadu,"DEPUTY REGISTRAR(DAIRYING), KARUR.","ANIMAL HUSBANDRY, DAIRYING, FISHERIES AND FISHERMEN WELFARE DEPARTMENT",Sub Office,c7d3bb61b5476efd,rti_tamil_nadu,rti_meta,plain,en,no,templates/plain.txt,applications/RA2/TN-100.txt,10,30
TN-101,RA3,Tamil Nadu,"DEPUTY REGISTRAR(DAIRYING), KRISHNAGIRI.","ANIMAL HUSBANDRY, DAIRYING, FISHERIES AND FISHERMEN WELFARE DEPARTMENT",Sub Office,7bc4af3bcb8e24fb,rti_tamil_nadu,rti_meta,plain,en,no,templates/plain.txt,applications/RA3/TN-101.txt,10,30
TN-102,RA2,Tamil Nadu,"DEPUTY REGISTRAR(DAIRYING), PERAMBALUR.","ANIMAL HUSBANDRY, DAIRYING, FISHERIES AND FISHERMEN WELFARE DEPARTMENT",Sub Office,cfea41a7074bd3bc,rti_tamil_nadu,rti_meta,plain,en,no,templates/plain.txt,applications/RA2/TN-102.txt,10,30
TN-103,RA1,Tamil Nadu,"DEPUTY REGISTRAR(DAIRYING), THENI.","ANIMAL HUSBANDRY, DAIRYING, FISHERIES AND FISHERMEN WELFARE DEPARTMENT",Sub Office,b08f2a27f0237805,rti_tamil_nadu,rti_meta,plain,en,no,templates/plain.txt,applications/RA1/TN-103.txt,10,30
TN-104,RA4,Tamil Nadu,"DEPUTY REGISTRAR(DAIRYING), THIRUVALLUR.","ANIMAL HUSBANDRY, DAIRYING, FISHERIES AND FISHERMEN WELFARE DEPARTMENT",Sub Office,dcc763cb7d96acc7,rti_tamil_nadu,rti_meta,plain,en,no,templates/plain.txt,applications/RA4/TN-104.txt,10,30
TN-105,RA3,Tamil Nadu,"DEPUTY REGISTRAR(DAIRYING), TIRUCHIRAPPALLI","ANIMAL HUSBANDRY, DAIRYING, FISHERIES AND FISHERMEN WELFARE DEPARTMENT",Sub Office,71a15a6945a48024,rti_tamil_nadu,rti_meta,plain,en,no,templates/plain.txt,applications/RA3/TN-105.txt,10,30
TN-106,RA1,Tamil Nadu,"DEPUTY REGISTRAR(DAIRYING), TIRUPPUR.","ANIMAL HUSBANDRY, DAIRYING, FISHERIES AND FISHERMEN WELFARE DEPARTMENT",Sub Office,35282ef9fbec3c1c,rti_tamil_nadu,rti_meta,plain,en,no,templates/plain.txt,applications/RA1/TN-106.txt,10,30
TN-107,RA4,Tamil Nadu,"DEPUTY REGISTRAR(DAIRYING), VILLUPURAM.","ANIMAL HUSBANDRY, DAIRYING, FISHERIES AND FISHERMEN WELFARE DEPARTMENT",Sub Office,2f048080f7b535d5,rti_tamil_nadu,rti_meta,legal_salience,en,no,templates/legal_salience.txt,applications/RA4/TN-107.txt,10,30
TN-108,RA1,Tamil Nadu,"EXECUTIVE ENGINEER, CHENNAI","ANIMAL HUSBANDRY, DAIRYING, FISHERIES AND FISHERMEN WELFARE DEPARTMENT",Sub Office,528d645f468a7441,rti_tamil_nadu,rti_meta,plain,en,no,templates/plain.txt,applications/RA1/TN-108.txt,10,30
TN-109,RA4,Tamil Nadu,"INSPECTOR OF FISHERIES AND FISHERMEN WELFARE, KRISHNAGIRI","ANIMAL HUSBANDRY, DAIRYING, FISHERIES AND FISHERMEN WELFARE DEPARTMENT",Sub Office,016e5f14a5e9cf57,rti_tamil_nadu,rti_meta,plain,en,no,templates/plain.txt,applications/RA4/TN-109.txt,10,30
TN-110,RA1,Tamil Nadu,"BACKWARD CLASSES, MOST BACKWARD CLASSES AND MINORITIES WELFARE DEPART","BACKWARD CLASSES, MOST BACKWARD CLASSES AND MINORITIES WELFARE DEPART",Department,70d2dc378cc47454,rti_tamil_nadu,rti_meta,legal_salience,en,no,templates/legal_salience.txt,applications/RA1/TN-110.txt,10,30
TN-111,RA2,Tamil Nadu,DIRECTORATE OF MOST BACKWARD CLASSES AND DENOTIFIED COMMUNITIES WELFAR,"BACKWARD CLASSES, MOST BACKWARD CLASSES AND MINORITIES WELFARE DEPART",Head of Department,bd1f1b80f0dbb367,rti_tamil_nadu,rti_meta,plain,en,no,templates/plain.txt,applications/RA2/TN-111.txt,10,30
TN-112,RA1,Tamil Nadu,TAMIL NADU DENOTIFIED COMMUNITIES WELFARE BOARD,"BACKWARD CLASSES, MOST BACKWARD CLASSES AND MINORITIES WELFARE DEPART",Head of Department,0010aa2e0ae20ecc,rti_tamil_nadu,rti_meta,plain,en,no,templates/plain.txt,applications/RA1/TN-112.txt,10,30
TN-113,RA2,Tamil Nadu,TAMIL NADU LINGUISTIC MINORITIES SOCIAL AND ECONOMIC DEVELOPMENT CORPO,"BACKWARD CLASSES, MOST BACKWARD CLASSES AND MINORITIES WELFARE DEPART",Head of Department,72c2c9f1b8a9b078,rti_tamil_nadu,rti_meta,legal_salience,en,no,templates/legal_salience.txt,applications/RA2/TN-113.txt,10,30
TN-114,RA3,Tamil Nadu,TAMIL NADU STATE MINORITIES COMMISSION,"BACKWARD CLASSES, MOST BACKWARD CLASSES AND MINORITIES WELFARE DEPART",Head of Department,7343c79af029c5cd,rti_tamil_nadu,rti_meta,plain,en,no,templates/plain.txt,applications/RA3/TN-114.txt,10,30
TN-115,RA2,Tamil Nadu,"DISTRICT BACKWARD CLASSES AND MINORITIES WELFARE OFFICER, ARIYALUR","BACKWARD CLASSES, MOST BACKWARD CLASSES AND MINORITIES WELFARE DEPART",Sub Office,55ae8eee008519ed,rti_tamil_nadu,rti_meta,legal_salience,en,no,templates/legal_salience.txt,applications/RA2/TN-115.txt,10,30
TN-116,RA1,Tamil Nadu,"DISTRICT BACKWARD CLASSES AND MINORITIES WELFARE OFFICER, CHENNAI","BACKWARD CLASSES, MOST BACKWARD CLASSES AND MINORITIES WELFARE DEPART",Sub Office,d34328d8fd528a23,rti_tamil_nadu,rti_meta,plain,en,no,templates/plain.txt,applications/RA1/TN-116.txt,10,30
TN-117,RA4,Tamil Nadu,"DISTRICT BACKWARD CLASSES AND MINORITIES WELFARE OFFICER, DHARMAPURI","BACKWARD CLASSES, MOST BACKWARD CLASSES AND MINORITIES WELFARE DEPART",Sub Office,edc8d6f986d7a600,rti_tamil_nadu,rti_meta,plain,en,no,templates/plain.txt,applications/RA4/TN-117.txt,10,30
TN-118,RA3,Tamil Nadu,"DISTRICT BACKWARD CLASSES AND MINORITIES WELFARE OFFICER, KANCHIPURAM","BACKWARD CLASSES, MOST BACKWARD CLASSES AND MINORITIES WELFARE DEPART",Sub Office,9a8c88838c1cf24f,rti_tamil_nadu,rti_meta,plain,en,no,templates/plain.txt,applications/RA3/TN-118.txt,10,30
TN-119,RA4,Tamil Nadu,"DISTRICT BACKWARD CLASSES AND MINORITIES WELFARE OFFICER, MAYILADUTHURAI","BACKWARD CLASSES, MOST BACKWARD CLASSES AND MINORITIES WELFARE DEPART",Sub Office,c92aad650bcc0b31,rti_tamil_nadu,rti_meta,plain,en,no,templates/plain.txt,applications/RA4/TN-119.txt,10,30
TN-120,RA4,Tamil Nadu,"DISTRICT BACKWARD CLASSES AND MINORITIES WELFARE OFFICER, PUDUKKOTTAI","BACKWARD CLASSES, MOST BACKWARD CLASSES AND MINORITIES WELFARE DEPART",Sub Office,6766947cf5d80fe0,rti_tamil_nadu,rti_meta,plain,en,no,templates/plain.txt,applications/RA4/TN-120.txt,10,30
TN-121,RA1,Tamil Nadu,"DISTRICT BACKWARD CLASSES AND MINORITIES WELFARE OFFICER, TENKASI","BACKWARD CLASSES, MOST BACKWARD CLASSES AND MINORITIES WELFARE DEPART",Sub Office,aab536e878ede53b,rti_tamil_nadu,rti_meta,plain,en,no,templates/plain.txt,applications/RA1/TN-121.txt,10,30
TN-122,RA3,Tamil Nadu,"DISTRICT BACKWARD CLASSES AND MINORITIES WELFARE OFFICER, THIRUVARUR","BACKWARD CLASSES, MOST BACKWARD CLASSES AND MINORITIES WELFARE DEPART",Sub Office,fbf99fb505f9263d,rti_tamil_nadu,rti_meta,plain,en,no,templates/plain.txt,applications/RA3/TN-122.txt,10,30
TN-123,RA2,Tamil Nadu,"DISTRICT BACKWARD CLASSES AND MINORITIES WELFARE OFFICER, TIRUCHIRAPPALLI","BACKWARD CLASSES, MOST BACKWARD CLASSES AND MINORITIES WELFARE DEPART",Sub Office,39c04e2f0d26f7c0,rti_tamil_nadu,rti_meta,plain,en,no,templates/plain.txt,applications/RA2/TN-123.txt,10,30
TN-124,RA3,Tamil Nadu,"DISTRICT BACKWARD CLASSES AND MINORITIES WELFARE OFFICER, TIRUNELVELI","BACKWARD CLASSES, MOST BACKWARD CLASSES AND MINORITIES WELFARE DEPART",Sub Office,598a93f3377dfd8e,rti_tamil_nadu,rti_meta,plain,en,no,templates/plain.txt,applications/RA3/TN-124.txt,10,30
TN-125,RA1,Tamil Nadu,"DISTRICT BACKWARD CLASSES AND MINORITIES WELFARE OFFICER, TIRUPPUR","BACKWARD CLASSES, MOST BACKWARD CLASSES AND MINORITIES WELFARE DEPART",Sub Office,2876aa4baf139129,rti_tamil_nadu,rti_meta,legal_salience,en,no,templates/legal_salience.txt,applications/RA1/TN-125.txt,10,30
TN-126,RA4,Tamil Nadu,"DISTRICT BACKWARD CLASSES AND MINORITIES WELFARE OFFICER, TIRUVALLUR","BACKWARD CLASSES, MOST BACKWARD CLASSES AND MINORITIES WELFARE DEPART",Sub Office,bfe604a8fa11ef57,rti_tamil_nadu,rti_meta,legal_salience,en,no,templates/legal_salience.txt,applications/RA4/TN-126.txt,10,30
TN-127,RA3,Tamil Nadu,"DISTRICT BACKWARD CLASSES AND MINORITIES WELFARE OFFICER, VILLUPURAM","BACKWARD CLASSES, MOST BACKWARD CLASSES AND MINORITIES WELFARE DEPART",Sub Office,a138cccf046f37fb,rti_tamil_nadu,rti_meta,legal_salience,en,no,templates/legal_salience.txt,applications/RA3/TN-127.txt,10,30
TN-128,RA2,Tamil Nadu,"DISTRICT BACKWARD CLASSES AND MINORITIES WELFARE OFFICER, VIRUDHUNAGAR","BACKWARD CLASSES, MOST BACKWARD CLASSES AND MINORITIES WELFARE DEPART",Sub Office,0b8d6f8a8536e573,rti_tamil_nadu,rti_meta,plain,en,no,templates/plain.txt,applications/RA2/TN-128.txt,10,30
TN-129,RA4,Tamil Nadu,"DISTRICT MINORITIES WELFARE OFFICER, TIRUNELVELI","BACKWARD CLASSES, MOST BACKWARD CLASSES AND MINORITIES WELFARE DEPART",Sub Office,b7813d42c7b1071e,rti_tamil_nadu,rti_meta,plain,en,no,templates/plain.txt,applications/RA4/TN-129.txt,10,30
TN-130,RA4,Tamil Nadu,TAMIL NADU WAQF BOARD - CHENNAI ZONE,"BACKWARD CLASSES, MOST BACKWARD CLASSES AND MINORITIES WELFARE DEPART",Sub Office,acbd607bd77ccb77,rti_tamil_nadu,rti_meta,legal_salience,en,no,templates/legal_salience.txt,applications/RA4/TN-130.txt,10,30
TN-131,RA2,Tamil Nadu,TAMIL NADU WAQF BOARD - MADURAI ZONE,"BACKWARD CLASSES, MOST BACKWARD CLASSES AND MINORITIES WELFARE DEPART",Sub Office,47b623ca10bea5dd,rti_tamil_nadu,rti_meta,plain,en,no,templates/plain.txt,applications/RA2/TN-131.txt,10,30
TN-132,RA1,Tamil Nadu,TAMIL NADU WAQF BOARD - POONAMALLEE ZON,"BACKWARD CLASSES, MOST BACKWARD CLASSES AND MINORITIES WELFARE DEPART",Sub Office,aa54a0284efe7fce,rti_tamil_nadu,rti_meta,plain,en,no,templates/plain.txt,applications/RA1/TN-132.txt,10,30
TN-133,RA1,Tamil Nadu,TAMIL NADU WAQF BOARD - THANJAVUR ZONE,"BACKWARD CLASSES, MOST BACKWARD CLASSES AND MINORITIES WELFARE DEPART",Sub Office,5582eb5371e86a14,rti_tamil_nadu,rti_meta,plain,en,no,templates/plain.txt,applications/RA1/TN-133.txt,10,30
TN-134,RA3,Tamil Nadu,TAMIL NADU WAQF BOARD - TIRUNELVELI ZONE,"BACKWARD CLASSES, MOST BACKWARD CLASSES AND MINORITIES WELFARE DEPART",Sub Office,d23041b6172bead6,rti_tamil_nadu,rti_meta,legal_salience,en,no,templates/legal_salience.txt,applications/RA3/TN-134.txt,10,30
TN-135,RA1,Tamil Nadu,TAMIL NADU WAQF BOARD - VELLORE ZONE,"BACKWARD CLASSES, MOST BACKWARD CLASSES AND MINORITIES WELFARE DEPART",Sub Office,4ac0b70f8f0048e3,rti_tamil_nadu,rti_meta,legal_salience,en,no,templates/legal_salience.txt,applications/RA1/TN-135.txt,10,30
TN-136,RA2,Tamil Nadu,COMMERCIAL TAXES AND REGISTRATION,COMMERCIAL TAXES AND REGISTRATION,Department,487719a087e28859,rti_tamil_nadu,rti_meta,legal_salience,en,no,templates/legal_salience.txt,applications/RA2/TN-136.txt,10,30
TN-137,RA2,Tamil Nadu,INSPECTOR GENERAL OF REGISTRATION,COMMERCIAL TAXES AND REGISTRATION,Head of Department,a1b7c22755cf5714,rti_tamil_nadu,rti_meta,plain,en,no,templates/plain.txt,applications/RA2/TN-137.txt,10,30
TN-138,RA3,Tamil Nadu,OFFICE OF THE COMMISSIONER OF COMMERCIAL TAXES,COMMERCIAL TAXES AND REGISTRATION,Head of Department,7756d47c973ad8ee,rti_tamil_nadu,rti_meta,legal_salience,en,no,templates/legal_salience.txt,applications/RA3/TN-138.txt,10,30
TN-139,RA4,Tamil Nadu,JOINT COMMISSIONER (STATE TAXES) ERODE DIVISION,COMMERCIAL TAXES AND REGISTRATION,Sub Office,de4d11dd9bb38173,rti_tamil_nadu,rti_meta,plain,en,no,templates/plain.txt,applications/RA4/TN-139.txt,10,30
TN-140,RA2,Tamil Nadu,"SPECIAL DEPUTY COLLECTOR(STAMP) OFFICE,MADURAI",COMMERCIAL TAXES AND REGISTRATION,Sub Office,466d616ccd81da2f,rti_tamil_nadu,rti_meta,plain,en,no,templates/plain.txt,applications/RA2/TN-140.txt,10,30
TN-141,RA1,Tamil Nadu,ASSISTANT COMMISSIONER (STATE TAXES) AYOTHIYAPATNAM ASSESSMENT CIRCLE,COMMERCIAL TAXES AND REGISTRATION,Sub Office,5b4bd6f0ac4b8776,rti_tamil_nadu,rti_meta,plain,en,no,templates/plain.txt,applications/RA1/TN-141.txt,10,30
TN-142,RA2,Tamil Nadu,ASSISTANT COMMISSIONER (STATE TAXES) KUMARAPALAYAM ASSESSMENT CIRCLE,COMMERCIAL TAXES AND REGISTRATION,Sub Office,f86813363b47e72c,rti_tamil_nadu,rti_meta,plain,en,no,templates/plain.txt,applications/RA2/TN-142.txt,10,30
TN-143,RA4,Tamil Nadu,ASSISTANT COMMISSIONER (STATE TAXES) MADURAI RURAL SOUTH ASSESSMENT CIRCLE,COMMERCIAL TAXES AND REGISTRATION,Sub Office,fe05153815c37a1c,rti_tamil_nadu,rti_meta,plain,en,no,templates/plain.txt,applications/RA4/TN-143.txt,10,30
TN-144,RA4,Tamil Nadu,"ASSISTANT COMMISSIONER (STATE TAXES), TENKASI",COMMERCIAL TAXES AND REGISTRATION,Sub Office,3ca20cee94ef2cd0,rti_tamil_nadu,rti_meta,plain,en,no,templates/plain.txt,applications/RA4/TN-144.txt,10,30
TN-145,RA4,Tamil Nadu,ASSISTANT COMMISSIONER(STATE TAXES)-2 TUTICORIN,COMMERCIAL TAXES AND REGISTRATION,Sub Office,238f96c0e3997f82,rti_tamil_nadu,rti_meta,plain,en,no,templates/plain.txt,applications/RA4/TN-145.txt,10,30
TN-146,RA2,Tamil Nadu,DEPUTY COMMISSIONER (STATE TAXES) DHARMAPURI.,COMMERCIAL TAXES AND REGISTRATION,Sub Office,450a3e1f76a9bec8,rti_tamil_nadu,rti_meta,legal_salience,en,no,templates/legal_salience.txt,applications/RA2/TN-146.txt,10,30
TN-147,RA3,Tamil Nadu,DEPUTY COMMISSIONER (STATE TAXES) MADURAI(EAST),COMMERCIAL TAXES AND REGISTRATION,Sub Office,5f5ca9d5f4dbf664,rti_tamil_nadu,rti_meta,legal_salience,en,no,templates/legal_salience.txt,applications/RA3/TN-147.txt,10,30
TN-148,RA1,Tamil Nadu,DEPUTY COMMISSIONER (STATE TAXES) TIRUNELVELI,COMMERCIAL TAXES AND REGISTRATION,Sub Office,02595a9094c087ec,rti_tamil_nadu,rti_meta,plain,en,no,templates/plain.txt,applications/RA1/TN-148.txt,10,30
TN-149,RA1,Tamil Nadu,"DISTRICT REGISTRAR OFFICE (ADMIN), MADURAI (SOUTH)",COMMERCIAL TAXES AND REGISTRATION,Sub Office,fe1a4da602d29619,rti_tamil_nadu,rti_meta,plain,en,no,templates/plain.txt,applications/RA1/TN-149.txt,10,30
TN-150,RA4,Tamil Nadu,"DISTRICT REGISTRAR(ADMIN), KRISHNAGIRI",COMMERCIAL TAXES AND REGISTRATION,Sub Office,f78cc73141589bb1,rti_tamil_nadu,rti_meta,plain,en,no,templates/plain.txt,applications/RA4/TN-150.txt,10,30
TN-151,RA2,Tamil Nadu,"JOINT 4 SROSUB-REGISTRAR OFFICE ,MADURAI SOUTH",COMMERCIAL TAXES AND REGISTRATION,Sub Office,189433a0411e3c8b,rti_tamil_nadu,rti_meta,legal_salience,en,no,templates/legal_salience.txt,applications/RA2/TN-151.txt,10,30
TN-152,RA4,Tamil Nadu,"SUB REGISTRAR OFFICE , GANAPATHI",COMMERCIAL TAXES AND REGISTRATION,Sub Office,27d81df09adc52f2,rti_tamil_nadu,rti_meta,plain,en,no,templates/plain.txt,applications/RA4/TN-152.txt,10,30
TN-153,RA2,Tamil Nadu,"SUB REGISTRAR OFFICE , MANAVALAKURICHI",COMMERCIAL TAXES AND REGISTRATION,Sub Office,6adb46967059f718,rti_tamil_nadu,rti_meta,plain,en,no,templates/plain.txt,applications/RA2/TN-153.txt,10,30
TN-154,RA4,Tamil Nadu,"SUB REGISTRAR OFFICE , VERKILAMBI",COMMERCIAL TAXES AND REGISTRATION,Sub Office,9cd12949a1edd511,rti_tamil_nadu,rti_meta,legal_salience,en,no,templates/legal_salience.txt,applications/RA4/TN-154.txt,10,30
TN-155,RA4,Tamil Nadu,"SUB REGISTRAR OFFICE, AMBUR",COMMERCIAL TAXES AND REGISTRATION,Sub Office,b8d00650fd620963,rti_tamil_nadu,rti_meta,legal_salience,en,no,templates/legal_salience.txt,applications/RA4/TN-155.txt,10,30
TN-156,RA3,Tamil Nadu,"SUB REGISTRAR OFFICE, ARCOT",COMMERCIAL TAXES AND REGISTRATION,Sub Office,a6b33c6e271735c1,rti_tamil_nadu,rti_meta,legal_salience,en,no,templates/legal_salience.txt,applications/RA3/TN-156.txt,10,30
TN-157,RA4,Tamil Nadu,"SUB REGISTRAR OFFICE, BOGHALUR",COMMERCIAL TAXES AND REGISTRATION,Sub Office,5f7ba5ee3254975e,rti_tamil_nadu,rti_meta,legal_salience,en,no,templates/legal_salience.txt,applications/RA4/TN-157.txt,10,30
TN-158,RA1,Tamil Nadu,"SUB REGISTRAR OFFICE, GANDHIPURAM",COMMERCIAL TAXES AND REGISTRATION,Sub Office,5eb331809d07003e,rti_tamil_nadu,rti_meta,legal_salience,en,no,templates/legal_salience.txt,applications/RA1/TN-158.txt,10,30
TN-159,RA3,Tamil Nadu,"SUB REGISTRAR OFFICE, KARUMATHAMPATTI",COMMERCIAL TAXES AND REGISTRATION,Sub Office,9ac3d4cabc0fa5c1,rti_tamil_nadu,rti_meta,plain,en,no,templates/plain.txt,applications/RA3/TN-159.txt,10,30
TN-160,RA2,Tamil Nadu,"SUB REGISTRAR OFFICE, KARUTHATTANKUDI",COMMERCIAL TAXES AND REGISTRATION,Sub Office,c91026c83a2548e2,rti_tamil_nadu,rti_meta,plain,en,no,templates/plain.txt,applications/RA2/TN-160.txt,10,30
TN-161,RA3,Tamil Nadu,"SUB REGISTRAR OFFICE, KATTUPUTHUR",COMMERCIAL TAXES AND REGISTRATION,Sub Office,55aa5844145beb21,rti_tamil_nadu,rti_meta,plain,en,no,templates/plain.txt,applications/RA3/TN-161.txt,10,30
TN-162,RA1,Tamil Nadu,"SUB REGISTRAR OFFICE, KUNNUR VIRUDHUNAGAR",COMMERCIAL TAXES AND REGISTRATION,Sub Office,d6150e6d5af973c2,rti_tamil_nadu,rti_meta,plain,en,no,templates/plain.txt,applications/RA1/TN-162.txt,10,30
TN-163,RA3,Tamil Nadu,"SUB REGISTRAR OFFICE, MUKKUDAL",COMMERCIAL TAXES AND REGISTRATION,Sub Office,2efbe4f0b8f95914,rti_tamil_nadu,rti_meta,plain,en,no,templates/plain.txt,applications/RA3/TN-163.txt,10,30
TN-164,RA3,Tamil Nadu,"SUB REGISTRAR OFFICE, PENNADAM",COMMERCIAL TAXES AND REGISTRATION,Sub Office,5665be5c3ef55d3c,rti_tamil_nadu,rti_meta,plain,en,no,templates/plain.txt,applications/RA3/TN-164.txt,10,30
TN-165,RA3,Tamil Nadu,"SUB REGISTRAR OFFICE, RAJAPALAYAM",COMMERCIAL TAXES AND REGISTRATION,Sub Office,b2ec54dc32ee2818,rti_tamil_nadu,rti_meta,plain,en,no,templates/plain.txt,applications/RA3/TN-165.txt,10,30
TN-166,RA2,Tamil Nadu,"SUB REGISTRAR OFFICE, SATHIYAMANGALAM, TINDIVANAM",COMMERCIAL TAXES AND REGISTRATION,Sub Office,98a0ce0fb4d79f1d,rti_tamil_nadu,rti_meta,plain,en,no,templates/plain.txt,applications/RA2/TN-166.txt,10,30
TN-167,RA1,Tamil Nadu,"SUB REGISTRAR OFFICE, TRIPLICANE",COMMERCIAL TAXES AND REGISTRATION,Sub Office,2645e4fea71c8743,rti_tamil_nadu,rti_meta,plain,en,no,templates/plain.txt,applications/RA1/TN-167.txt,10,30
TN-168,RA1,Tamil Nadu,"SUB REGISTRAR OFFICE, VELUR",COMMERCIAL TAXES AND REGISTRATION,Sub Office,060194af976e77d2,rti_tamil_nadu,rti_meta,legal_salience,en,no,templates/legal_salience.txt,applications/RA1/TN-168.txt,10,30
TN-169,RA1,Tamil Nadu,"SUB REGISTRAR OFFICE,COONOOR UTHAGAMANDALAM",COMMERCIAL TAXES AND REGISTRATION,Sub Office,5b86a36b2e96323e,rti_tamil_nadu,rti_meta,plain,en,no,templates/plain.txt,applications/RA1/TN-169.txt,10,30
TN-170,RA1,Tamil Nadu,"SUB REGISTRAR OFFICE,SALAVAKKAM",COMMERCIAL TAXES AND REGISTRATION,Sub Office,924b4fd4a5978859,rti_tamil_nadu,rti_meta,legal_salience,en,no,templates/legal_salience.txt,applications/RA1/TN-170.txt,10,30
TN-171,RA3,Tamil Nadu,"SUB REGISTRAR OFFICE,THIRUKAZHUKUNDRAM",COMMERCIAL TAXES AND REGISTRATION,Sub Office,ac2940090aa0a388,rti_tamil_nadu,rti_meta,plain,en,no,templates/plain.txt,applications/RA3/TN-171.txt,10,30
TN-172,RA2,Tamil Nadu,"SUB REGISTRAR OFFICE,WALAJABAD",COMMERCIAL TAXES AND REGISTRATION,Sub Office,de3358ef989e2814,rti_tamil_nadu,rti_meta,plain,en,no,templates/plain.txt,applications/RA2/TN-172.txt,10,30
TN-173,RA2,Tamil Nadu,"COOPERATION, FOOD AND CONSUMER PROTECTION DEPARTMENT","COOPERATION, FOOD AND CONSUMER PROTECTION DEPARTMENT",Department,90e87d4d19109af2,rti_tamil_nadu,rti_meta,legal_salience,en,no,templates/legal_salience.txt,applications/RA2/TN-173.txt,10,30
TN-174,RA1,Tamil Nadu,REGISTRAR OF COOPERATIVE SOCIETIES,"COOPERATION, FOOD AND CONSUMER PROTECTION DEPARTMENT",Head of Department,e0ee09601ece5b4b,rti_tamil_nadu,rti_meta,plain,en,no,templates/plain.txt,applications/RA1/TN-174.txt,10,30
TN-175,RA3,Tamil Nadu,STATE CONSUMER DISPUTES REDRESSAL COMMISSION,"COOPERATION, FOOD AND CONSUMER PROTECTION DEPARTMENT",Head of Department,1972b182ca14832c,rti_tamil_nadu,rti_meta,legal_salience,en,no,templates/legal_salience.txt,applications/RA3/TN-175.txt,10,30
TN-176,RA3,Tamil Nadu,TAMIL NADU CIVIL SUPPLIES CORPORATION (HEAD OFFICE),"COOPERATION, FOOD AND CONSUMER PROTECTION DEPARTMENT",Head of Department,3ef5ec87e8c8cdee,rti_tamil_nadu,rti_meta,plain,en,no,templates/plain.txt,applications/RA3/TN-176.txt,10,30
TN-177,RA4,Tamil Nadu,TAMIL NADU WAREHOUSING CORPORATION,"COOPERATION, FOOD AND CONSUMER PROTECTION DEPARTMENT",Head of Department,63af4bf5e8a09ab3,rti_tamil_nadu,rti_meta,plain,en,no,templates/plain.txt,applications/RA4/TN-177.txt,10,30
TN-178,RA1,Tamil Nadu,"CIVIL SUPPLIES AND CONSUMER PROTECTION DEPARTMENT, MADURAVOYAL ZONE","COOPERATION, FOOD AND CONSUMER PROTECTION DEPARTMENT",Sub Office,c9238675c3cdf59c,rti_tamil_nadu,rti_meta,plain,en,no,templates/plain.txt,applications/RA1/TN-178.txt,10,30
TN-179,RA3,Tamil Nadu,"CIVIL SUPPLIES AND CONSUMER PROTECTION DEPARTMENT, THIRUVOTTRIYUR ZONE","COOPERATION, FOOD AND CONSUMER PROTECTION DEPARTMENT",Sub Office,94769b4aa40245c3,rti_tamil_nadu,rti_meta,plain,en,no,templates/plain.txt,applications/RA3/TN-179.txt,10,30
TN-180,RA1,Tamil Nadu,"DISTRICT CONSUMER DISPUTES REDRESSAL COMMISSION, RAMANATHAPURAM","COOPERATION, FOOD AND CONSUMER PROTECTION DEPARTMENT",Sub Office,a33662f5c8365ce3,rti_tamil_nadu,rti_meta,plain,en,no,templates/plain.txt,applications/RA1/TN-180.txt,10,30
TN-181,RA2,Tamil Nadu,"DISTRICT CONSUMER DISUPTES REDRESSAL COMMISSION, MADURAI","COOPERATION, FOOD AND CONSUMER PROTECTION DEPARTMENT",Sub Office,97a0775db39ff02b,rti_tamil_nadu,rti_meta,plain,en,no,templates/plain.txt,applications/RA2/TN-181.txt,10,30
TN-182,RA3,Tamil Nadu,"JOINT REGISTRAR OF COOPERATIVE SOCIETIES, DINDIGUL","COOPERATION, FOOD AND CONSUMER PROTECTION DEPARTMENT",Sub Office,99169ad1ca392dc4,rti_tamil_nadu,rti_meta,legal_salience,en,no,templates/legal_salience.txt,applications/RA3/TN-182.txt,10,30
TN-183,RA4,Tamil Nadu,TAMIL NADU CIVIL SUPPLIES CORPORATION (DINDIGUL),"COOPERATION, FOOD AND CONSUMER PROTECTION DEPARTMENT",Sub Office,4595617ce925e242,rti_tamil_nadu,rti_meta,legal_salience,en,no,templates/legal_salience.txt,applications/RA4/TN-183.txt,10,30
TN-184,RA2,Tamil Nadu,TAMIL NADU CIVIL SUPPLIES CORPORATION (KANNIYAKUMARI),"COOPERATION, FOOD AND CONSUMER PROTECTION DEPARTMENT",Sub Office,db66fa45543e4977,rti_tamil_nadu,rti_meta,plain,en,no,templates/plain.txt,applications/RA2/TN-184.txt,10,30
TN-185,RA4,Tamil Nadu,TAMIL NADU CIVIL SUPPLIES CORPORATION (NAMAKKAL),"COOPERATION, FOOD AND CONSUMER PROTECTION DEPARTMENT",Sub Office,089468c84aac2207,rti_tamil_nadu,rti_meta,plain,en,no,templates/plain.txt,applications/RA4/TN-185.txt,10,30
TN-186,RA3,Tamil Nadu,TAMIL NADU CIVIL SUPPLIES CORPORATION (PUDUKKOTTAI),"COOPERATION, FOOD AND CONSUMER PROTECTION DEPARTMENT",Sub Office,93c91b8a997c7c7f,rti_tamil_nadu,rti_meta,plain,en,no,templates/plain.txt,applications/RA3/TN-186.txt,10,30
TN-187,RA4,Tamil Nadu,TAMIL NADU CIVIL SUPPLIES CORPORATION (THIRUPATHUR),"COOPERATION, FOOD AND CONSUMER PROTECTION DEPARTMENT",Sub Office,51a698081bb3efa6,rti_tamil_nadu,rti_meta,plain,en,no,templates/plain.txt,applications/RA4/TN-187.txt,10,30
TN-188,RA1,Tamil Nadu,"DEPUTY REGISTRAR (PDS) OF COOPERATIVE SOCIETIES, COIMBATORE","COOPERATION, FOOD AND CONSUMER PROTECTION DEPARTMENT",Sub Office,7ef8b7a9c86d989a,rti_tamil_nadu,rti_meta,plain,en,no,templates/plain.txt,applications/RA1/TN-188.txt,10,30
TN-189,RA1,Tamil Nadu,"DEPUTY REGISTRAR (PDS) OF COOPERATIVE SOCIETIES, PARK TOWN 2","COOPERATION, FOOD AND CONSUMER PROTECTION DEPARTMENT",Sub Office,9022014d1965e9a5,rti_tamil_nadu,rti_meta,legal_salience,en,no,templates/legal_salience.txt,applications/RA1/TN-189.txt,10,30
TN-190,RA1,Tamil Nadu,"DEPUTY REGISTRAR (PDS) OF COOPERATIVE SOCIETIES, THENI","COOPERATION, FOOD AND CONSUMER PROTECTION DEPARTMENT",Sub Office,2c42770f1476a88f,rti_tamil_nadu,rti_meta,plain,en,no,templates/plain.txt,applications/RA1/TN-190.txt,10,30
TN-191,RA3,Tamil Nadu,"DEPUTY REGISTRAR (PDS) OF COOPERATIVE SOCIETIES, VIRUDHUNAGAR","COOPERATION, FOOD AND CONSUMER PROTECTION DEPARTMENT",Sub Office,81c968a0c49eb245,rti_tamil_nadu,rti_meta,plain,en,no,templates/plain.txt,applications/RA3/TN-191.txt,10,30
TN-192,RA2,Tamil Nadu,"DEPUTY REGISTRAR OF COOPERATIVE SOCIETIES, ARIYALUR","COOPERATION, FOOD AND CONSUMER PROTECTION DEPARTMENT",Sub Office,cb8118f42616dfa5,rti_tamil_nadu,rti_meta,legal_salience,en,no,templates/legal_salience.txt,applications/RA2/TN-192.txt,10,30
TN-193,RA4,Tamil Nadu,"DEPUTY REGISTRAR OF COOPERATIVE SOCIETIES, ERODE","COOPERATION, FOOD AND CONSUMER PROTECTION DEPARTMENT",Sub Office,4b68491067e91fc7,rti_tamil_nadu,rti_meta,legal_salience,en,no,templates/legal_salience.txt,applications/RA4/TN-193.txt,10,30
TN-194,RA2,Tamil Nadu,"DEPUTY REGISTRAR OF COOPERATIVE SOCIETIES, KANCHIPURAM","COOPERATION, FOOD AND CONSUMER PROTECTION DEPARTMENT",Sub Office,0d7e52ed05c4387a,rti_tamil_nadu,rti_meta,legal_salience,en,no,templates/legal_salience.txt,applications/RA2/TN-194.txt,10,30
TN-195,RA4,Tamil Nadu,"DEPUTY REGISTRAR OF COOPERATIVE SOCIETIES, PERAMBALUR","COOPERATION, FOOD AND CONSUMER PROTECTION DEPARTMENT",Sub Office,057ad6582f25e2f2,rti_tamil_nadu,rti_meta,plain,en,no,templates/plain.txt,applications/RA4/TN-195.txt,10,30
TN-196,RA3,Tamil Nadu,"DEPUTY REGISTRAR OF COOPERATIVE SOCIETIES, SIVAGANGAI","COOPERATION, FOOD AND CONSUMER PROTECTION DEPARTMENT",Sub Office,6036e43f5a6c8d93,rti_tamil_nadu,rti_meta,plain,en,no,templates/plain.txt,applications/RA3/TN-196.txt,10,30
TN-197,RA1,Tamil Nadu,"DEPUTY REGISTRAR OF COOPERATIVE SOCIETIES,PALANI","COOPERATION, FOOD AND CONSUMER PROTECTION DEPARTMENT",Sub Office,cbb0cfef957ff016,rti_tamil_nadu,rti_meta,legal_salience,en,no,templates/legal_salience.txt,applications/RA1/TN-197.txt,10,30
TN-198,RA2,Tamil Nadu,"DEPUTY REGISTRAR OF COOPERATIVE SOCIETIES,SANKARI","COOPERATION, FOOD AND CONSUMER PROTECTION DEPARTMENT",Sub Office,e9c74897bcf3ce0c,rti_tamil_nadu,rti_meta,plain,en,no,templates/plain.txt,applications/RA2/TN-198.txt,10,30
TN-199,RA4,Tamil Nadu,"DEPUTY REGISTRAR OF COOPERATIVE SOCIETIES,UTHAMAPALAYAM","COOPERATION, FOOD AND CONSUMER PROTECTION DEPARTMENT",Sub Office,b353f66bbeac2c39,rti_tamil_nadu,rti_meta,plain,en,no,templates/plain.txt,applications/RA4/TN-199.txt,10,30
TN-200,RA2,Tamil Nadu,"DEPUTY REGISTRAR(PUBLIC DISTRIBUTION SYSTEM), TENKASI","COOPERATION, FOOD AND CONSUMER PROTECTION DEPARTMENT",Sub Office,d6abfbc71a7ba3a5,rti_tamil_nadu,rti_meta,plain,en,no,templates/plain.txt,applications/RA2/TN-200.txt,10,30
TN-201,RA3,Tamil Nadu,ENERGY DEPARTMENT,ENERGY DEPARTMENT,Department,d2e1f162b25fedef,rti_tamil_nadu,rti_meta,legal_salience,en,no,templates/legal_salience.txt,applications/RA3/TN-201.txt,10,30
TN-202,RA4,Tamil Nadu,TAMIL NADU ELECTRICITY REGULATORY COMMISSION,ENERGY DEPARTMENT,Head of Department,04f013e850b0e123,rti_tamil_nadu,rti_meta,plain,en,no,templates/plain.txt,applications/RA4/TN-202.txt,10,30
TN-203,RA3,Tamil Nadu,TAMIL NADU POWER DISTRIBUTION CORPORATION LIMITED,ENERGY DEPARTMENT,Head of Department,a066f1bf0d9c6b4a,rti_tamil_nadu,rti_meta,plain,en,no,templates/plain.txt,applications/RA3/TN-203.txt,10,30
TN-204,RA2,Tamil Nadu,TAMIL NADU POWER GENERATION CORPORATION LIMITED,ENERGY DEPARTMENT,Head of Department,c9d803eb5e474d15,rti_tamil_nadu,rti_meta,plain,en,no,templates/plain.txt,applications/RA2/TN-204.txt,10,30
TN-205,RA4,Tamil Nadu,TAMIL NADU TRANSMISSION CORPORATION LIMITED,ENERGY DEPARTMENT,Head of Department,9465b6158eed6449,rti_tamil_nadu,rti_meta,legal_salience,en,no,templates/legal_salience.txt,applications/RA4/TN-205.txt,10,30
TN-206,RA3,Tamil Nadu,"ELECTRICAL INSPECTOR, SRIPERUMPUDUR",ENERGY DEPARTMENT,Sub Office,6dc9dc717a975e77,rti_tamil_nadu,rti_meta,plain,en,no,templates/plain.txt,applications/RA3/TN-206.txt,10,30
TN-207,RA1,Tamil Nadu,"ELECTRICAL INSPECTOR, WEST PALLADAM, TIRUPPUR",ENERGY DEPARTMENT,Sub Office,86052b5bcb10efd6,rti_tamil_nadu,rti_meta,plain,en,no,templates/plain.txt,applications/RA1/TN-207.txt,10,30
TN-208,RA2,Tamil Nadu,TAMIL NADU GREEN ENERGY CORPORATION LIMITED (KADAMPARAI GENERATION CIRCLE),ENERGY DEPARTMENT,Sub Office,9737b80e01d532f0,rti_tamil_nadu,rti_meta,plain,en,no,templates/plain.txt,applications/RA2/TN-208.txt,10,30
TN-209,RA4,Tamil Nadu,"TAMIL NADU GREEN ENERGY CORPORATION LIMITED (SECRETARIAT BRANCH), CHENNAI",ENERGY DEPARTMENT,Sub Office,92cbb7c59f62609a,rti_tamil_nadu,rti_meta,plain,en,no,templates/plain.txt,applications/RA4/TN-209.txt,10,30
TN-210,RA2,Tamil Nadu,TAMIL NADU POWER DISTRIBUTION CORPORATION LIMITED /CHINNAMANUR,ENERGY DEPARTMENT,Sub Office,8a1077d2c52bc989,rti_tamil_nadu,rti_meta,plain,en,no,templates/plain.txt,applications/RA2/TN-210.txt,10,30
TN-211,RA2,Tamil Nadu,TAMIL NADU POWER DISTRIBUTION CORPORATION LIMITED /COIMBATORE NORTH/S.N.PALAYAM,ENERGY DEPARTMENT,Sub Office,1b62eabb3b2ba9e0,rti_tamil_nadu,rti_meta,legal_salience,en,no,templates/legal_salience.txt,applications/RA2/TN-211.txt,10,30
TN-212,RA2,Tamil Nadu,TAMIL NADU POWER DISTRIBUTION CORPORATION LIMITED /ERODE,ENERGY DEPARTMENT,Sub Office,0995f32bac305682,rti_tamil_nadu,rti_meta,plain,en,no,templates/plain.txt,applications/RA2/TN-212.txt,10,30
TN-213,RA3,Tamil Nadu,TAMIL NADU POWER DISTRIBUTION CORPORATION LIMITED /MADHURANTHAGAM,ENERGY DEPARTMENT,Sub Office,8812309616e6eaea,rti_tamil_nadu,rti_meta,plain,en,no,templates/plain.txt,applications/RA3/TN-213.txt,10,30
TN-214,RA1,Tamil Nadu,TAMIL NADU POWER DISTRIBUTION CORPORATION LIMITED /MADURAI/METRO/WEST,ENERGY DEPARTMENT,Sub Office,372e39957a3de4dc,rti_tamil_nadu,rti_meta,legal_salience,en,no,templates/legal_salience.txt,applications/RA1/TN-214.txt,10,30
TN-215,RA1,Tamil Nadu,TAMIL NADU POWER DISTRIBUTION CORPORATION LIMITED /PALLADAM,ENERGY DEPARTMENT,Sub Office,fd3314c8f62f5acb,rti_tamil_nadu,rti_meta,plain,en,no,templates/plain.txt,applications/RA1/TN-215.txt,10,30
TN-216,RA3,Tamil Nadu,TAMIL NADU POWER DISTRIBUTION CORPORATION LIMITED /SALEM/EAST,ENERGY DEPARTMENT,Sub Office,c31f24fe43b54f44,rti_tamil_nadu,rti_meta,plain,en,no,templates/plain.txt,applications/RA3/TN-216.txt,10,30
TN-217,RA3,Tamil Nadu,TAMIL NADU POWER DISTRIBUTION CORPORATION LIMITED /SALEM/WEST,ENERGY DEPARTMENT,Sub Office,469d1e75bd053bb6,rti_tamil_nadu,rti_meta,legal_salience,en,no,templates/legal_salience.txt,applications/RA3/TN-217.txt,10,30
TN-218,RA3,Tamil Nadu,TAMIL NADU POWER DISTRIBUTION CORPORATION LIMITED /SANKARAPURAM,ENERGY DEPARTMENT,Sub Office,bfdef9e4f5d8ad63,rti_tamil_nadu,rti_meta,plain,en,no,templates/plain.txt,applications/RA3/TN-218.txt,10,30
TN-219,RA4,Tamil Nadu,TAMIL NADU POWER DISTRIBUTION CORPORATION LIMITED /THIRUVALLUR,ENERGY DEPARTMENT,Sub Office,b24f8d50dcd16f68,rti_tamil_nadu,rti_meta,legal_salience,en,no,templates/legal_salience.txt,applications/RA4/TN-219.txt,10,30
TN-220,RA4,Tamil Nadu,TAMIL NADU POWER DISTRIBUTION CORPORATION LIMITED /VELLORE,ENERGY DEPARTMENT,Sub Office,0849190e91441396,rti_tamil_nadu,rti_meta,plain,en,no,templates/plain.txt,applications/RA4/TN-220.txt,10,30
TN-221,RA2,Tamil Nadu,TAMIL NADU POWER DISTRIBUTION CORPORATION LIMITED CEDC/SOUTH/ CHENNAI,ENERGY DEPARTMENT,Sub Office,f65dcc4683886da7,rti_tamil_nadu,rti_meta,legal_salience,en,no,templates/legal_salience.txt,applications/RA2/TN-221.txt,10,30
TN-222,RA4,Tamil Nadu,TAMIL NADU POWER DISTRIBUTION CORPORATION LIMITED CEDC/WEST/ AMBATTUR/ CHENNAI,ENERGY DEPARTMENT,Sub Office,9b7c303ef36f2fb9,rti_tamil_nadu,rti_meta,plain,en,no,templates/plain.txt,applications/RA4/TN-222.txt,10,30
TN-223,RA2,Tamil Nadu,"TAMIL NADU POWER DISTRIBUTION CORPORATION LIMITED,TIRUPUR",ENERGY DEPARTMENT,Sub Office,e2d562c596b7dac2,rti_tamil_nadu,rti_meta,plain,en,no,templates/plain.txt,applications/RA2/TN-223.txt,10,30
TN-224,RA1,Tamil Nadu,TAMIL NADU POWER DISTRIBUTION CORPORATION LIMITED/COIMBATORE/METRO/CENTRAL,ENERGY DEPARTMENT,Sub Office,ea5ee1b2c4d49dee,rti_tamil_nadu,rti_meta,plain,en,no,templates/plain.txt,applications/RA1/TN-224.txt,10,30
TN-225,RA1,Tamil Nadu,TAMIL NADU POWER DISTRIBUTION CORPORATION LIMITED/COMMERCIAL 1/HQ,ENERGY DEPARTMENT,Sub Office,28027c4a32927bc9,rti_tamil_nadu,rti_meta,plain,en,no,templates/plain.txt,applications/RA1/TN-225.txt,10,30
TN-226,RA1,Tamil Nadu,TAMIL NADU POWER DISTRIBUTION CORPORATION LIMITED/COMMERCIAL 2/HQ,ENERGY DEPARTMENT,Sub Office,a3d03cfeb8adb33c,rti_tamil_nadu,rti_meta,legal_salience,en,no,templates/legal_salience.txt,applications/RA1/TN-226.txt,10,30
TN-227,RA4,Tamil Nadu,TAMIL NADU POWER DISTRIBUTION CORPORATION LIMITED/POLLACHI,ENERGY DEPARTMENT,Sub Office,28ddf45b5760d25f,rti_tamil_nadu,rti_meta,plain,en,no,templates/plain.txt,applications/RA4/TN-227.txt,10,30
TN-228,RA3,Tamil Nadu,"TAMIL NADU POWER GENERATION CORPORATION LIMITED,,",ENERGY DEPARTMENT,Sub Office,26195857d023f5da,rti_tamil_nadu,rti_meta,legal_salience,en,no,templates/legal_salience.txt,applications/RA3/TN-228.txt,10,30
TN-229,RA4,Tamil Nadu,"ENVIRONMENT, CLIMATE CHANGE AND FORESTS DEPARTMENT","ENVIRONMENT, CLIMATE CHANGE AND FORESTS DEPARTMENT",Department,9a4ed942af0fb30a,rti_tamil_nadu,rti_meta,legal_salience,en,no,templates/legal_salience.txt,applications/RA4/TN-229.txt,10,30
TN-230,RA3,Tamil Nadu,"OFFICE OF THE PRINCIPAL CHIEF CONSERVATOR OF FORESTS (HEAD OF FOREST FORCE), FOREST HEADQUATERS","ENVIRONMENT, CLIMATE CHANGE AND FORESTS DEPARTMENT",Head of Department,f7e866bea3c80d19,rti_tamil_nadu,rti_meta,plain,en,no,templates/plain.txt,applications/RA3/TN-230.txt,10,30
TN-231,RA2,Tamil Nadu,TAMIL NADU TEA PLANTATION CORPORATION,"ENVIRONMENT, CLIMATE CHANGE AND FORESTS DEPARTMENT",Head of Department,5f6e6120abd7614f,rti_tamil_nadu,rti_meta,plain,en,no,templates/plain.txt,applications/RA2/TN-231.txt,10,30
TN-232,RA1,Tamil Nadu,"TAMILNADU FOREST PLANTATION CORPORATION LIMITED, TRICHY","ENVIRONMENT, CLIMATE CHANGE AND FORESTS DEPARTMENT",Head of Department,19d851906b9e30a2,rti_tamil_nadu,rti_meta,plain,en,no,templates/plain.txt,applications/RA1/TN-232.txt,10,30
TN-233,RA1,Tamil Nadu,"TAMILNADU POLLUTION CONTROL BOARD, CORPORATE OFFICE","ENVIRONMENT, CLIMATE CHANGE AND FORESTS DEPARTMENT",Head of Department,6fa5784490000afc,rti_tamil_nadu,rti_meta,legal_salience,en,no,templates/legal_salience.txt,applications/RA1/TN-233.txt,10,30
TN-234,RA1,Tamil Nadu,"CHIEF CONSERVATOR OF FORESTS, VELLORE CIRCLE, VELLORE","ENVIRONMENT, CLIMATE CHANGE AND FORESTS DEPARTMENT",Sub Office,83b7dd3d9467c8d1,rti_tamil_nadu,rti_meta,plain,en,no,templates/plain.txt,applications/RA1/TN-234.txt,10,30
TN-235,RA2,Tamil Nadu,"O/O. CHIEF CONSERVATOR OF FORESTS, WORKING PLAN, COIMBATORE.","ENVIRONMENT, CLIMATE CHANGE AND FORESTS DEPARTMENT",Sub Office,a3eb6e03ddeae1b5,rti_tamil_nadu,rti_meta,plain,en,no,templates/plain.txt,applications/RA2/TN-235.txt,10,30
TN-236,RA1,Tamil Nadu,"STATE FOREST RESEARCH INSTITUTE,","ENVIRONMENT, CLIMATE CHANGE AND FORESTS DEPARTMENT",Sub Office,aded6ec523a66248,rti_tamil_nadu,rti_meta,plain,en,no,templates/plain.txt,applications/RA1/TN-236.txt,10,30
TN-237,RA3,Tamil Nadu,"TAMILNADU POLLUTION CONTROL BOARD, OFFICE OF JOINT CHIEF ENVIRONMENTAL ENGINEER, MADURAI ZONE","ENVIRONMENT, CLIMATE CHANGE AND FORESTS DEPARTMENT",Sub Office,dafc22604df1f3e6,rti_tamil_nadu,rti_meta,plain,en,no,templates/plain.txt,applications/RA3/TN-237.txt,10,30
TN-238,RA1,Tamil Nadu,"DEPUTY DIRECTOR, MASINAGUDI MUDUMALAI TIGER RESERVE","ENVIRONMENT, CLIMATE CHANGE AND FORESTS DEPARTMENT",Sub Office,f76a8410167c57b3,rti_tamil_nadu,rti_meta,legal_salience,en,no,templates/legal_salience.txt,applications/RA1/TN-238.txt,10,30
TN-239,RA4,Tamil Nadu,DHARMAPURI FOREST DIVISION,"ENVIRONMENT, CLIMATE CHANGE AND FORESTS DEPARTMENT",Sub Office,22051abb0bda9e4b,rti_tamil_nadu,rti_meta,plain,en,no,templates/plain.txt,applications/RA4/TN-239.txt,10,30
TN-240,RA1,Tamil Nadu,"DISTRICT FOREST OFFICE, CHENGALPATTU DIVISION","ENVIRONMENT, CLIMATE CHANGE AND FORESTS DEPARTMENT",Sub Office,36f14c079c4a7300,rti_tamil_nadu,rti_meta,plain,en,no,templates/plain.txt,applications/RA1/TN-240.txt,10,30
TN-241,RA4,Tamil Nadu,"DISTRICT FOREST OFFICE, DINDIGUL FOREST DIVISION","ENVIRONMENT, CLIMATE CHANGE AND FORESTS DEPARTMENT",Sub Office,cffba7cd51fa1424,rti_tamil_nadu,rti_meta,legal_salience,en,no,templates/legal_salience.txt,applications/RA4/TN-241.txt,10,30
TN-242,RA2,Tamil Nadu,"DISTRICT FOREST OFFICE, VELLORE","ENVIRONMENT, CLIMATE CHANGE AND FORESTS DEPARTMENT",Sub Office,c8f6e057c0eac4c3,rti_tamil_nadu,rti_meta,legal_salience,en,no,templates/legal_salience.txt,applications/RA2/TN-242.txt,10,30
TN-243,RA2,Tamil Nadu,"DISTRICT FOREST OFFICER, PERAMBALUR DIVISION","ENVIRONMENT, CLIMATE CHANGE AND FORESTS DEPARTMENT",Sub Office,885c2ef2746f2a1d,rti_tamil_nadu,rti_meta,plain,en,no,templates/plain.txt,applications/RA2/TN-243.txt,10,30
TN-244,RA4,Tamil Nadu,"DISTRICT FOREST OFFICER, PUDUKKOTTAI DIVISION","ENVIRONMENT, CLIMATE CHANGE AND FORESTS DEPARTMENT",Sub Office,cf8c9a0c02b3d449,rti_tamil_nadu,rti_meta,plain,en,no,templates/plain.txt,applications/RA4/TN-244.txt,10,30
TN-245,RA2,Tamil Nadu,DIVISIONAL FOREST OFFICE,"ENVIRONMENT, CLIMATE CHANGE AND FORESTS DEPARTMENT",Sub Office,7efa34e432505fc1,rti_tamil_nadu,rti_meta,plain,en,no,templates/plain.txt,applications/RA2/TN-245.txt,10,30
TN-246,RA4,Tamil Nadu,SOCIAL FORESTRY DIVISION,"ENVIRONMENT, CLIMATE CHANGE AND FORESTS DEPARTMENT",Sub Office,0822fdbc2f38e7a2,rti_tamil_nadu,rti_meta,plain,en,no,templates/plain.txt,applications/RA4/TN-246.txt,10,30
TN-247,RA2,Tamil Nadu,"TAMILNADU POLLUTION CONTROL BOARD, OFFICE OF THE DISTRICT ENVIRONMENTAL ENGINEER, MADURAI","ENVIRONMENT, CLIMATE CHANGE AND FORESTS DEPARTMENT",Sub Office,f617faed3ec5e708,rti_tamil_nadu,rti_meta,plain,en,no,templates/plain.txt,applications/RA2/TN-247.txt,10,30
TN-248,RA3,Tamil Nadu,"TAMILNADU POLLUTION CONTROL BOARD, OFFICE OF THE DISTRICT ENVIRONMENTAL ENGINEER, PERUNDURAI","ENVIRONMENT, CLIMATE CHANGE AND FORESTS DEPARTMENT",Sub Office,7786595c98b105ed,rti_tamil_nadu,rti_meta,plain,en,no,templates/plain.txt,applications/RA3/TN-248.txt,10,30
TN-249,RA1,Tamil Nadu,"TAMILNADU POLLUTION CONTROL BOARD, OFFICE OF THE DISTRICT ENVIRONMENTAL ENGINEER, PUDUKKOTTAI","ENVIRONMENT, CLIMATE CHANGE AND FORESTS DEPARTMENT",Sub Office,c160c5db1dcaa26d,rti_tamil_nadu,rti_meta,plain,en,no,templates/plain.txt,applications/RA1/TN-249.txt,10,30
TN-250,RA3,Tamil Nadu,"TAMILNADU POLLUTION CONTROL BOARD, OFFICE OF THE DISTRICT ENVIRONMENTAL ENGINEER, THANJAVUR","ENVIRONMENT, CLIMATE CHANGE AND FORESTS DEPARTMENT",Sub Office,5879caa64175e911,rti_tamil_nadu,rti_meta,legal_salience,en,no,templates/legal_salience.txt,applications/RA3/TN-250.txt,10,30
TN-251,RA4,Tamil Nadu,"TAMILNADU POLLUTION CONTROL BOARD, OFFICE OF THE DISTRICT ENVIRONMENTAL ENGINEER,COIMBATORE (SOUTH)","ENVIRONMENT, CLIMATE CHANGE AND FORESTS DEPARTMENT",Sub Office,641a18f332871636,rti_tamil_nadu,rti_meta,plain,en,no,templates/plain.txt,applications/RA4/TN-251.txt,10,30
TN-252,RA2,Tamil Nadu,"TAMILNADU POLLUTION CONTROL BOARD,OFFICE OF THE DISTRICT ENVIRONMENTAL ENGINEER, MANALI (MERRC)","ENVIRONMENT, CLIMATE CHANGE AND FORESTS DEPARTMENT",Sub Office,7e5960e7e131f379,rti_tamil_nadu,rti_meta,legal_salience,en,no,templates/legal_salience.txt,applications/RA2/TN-252.txt,10,30
TN-253,RA3,Tamil Nadu,"TAMILNADU POLLUTION CONTROL BOARD,OFFICE OF THE DISTRICT ENVIRONMENTAL ENGINEER, MARAIMALAI NAGAR","ENVIRONMENT, CLIMATE CHANGE AND FORESTS DEPARTMENT",Sub Office,d869f27e84574984,rti_tamil_nadu,rti_meta,legal_salience,en,no,templates/legal_salience.txt,applications/RA3/TN-253.txt,10,30
TN-254,RA4,Tamil Nadu,"THE DEPUTY DIRECTOR OFFICE, SATHYAMANGALAM FOREST DIVISION, SATHYAMANGALAM TIGER RESERVE","ENVIRONMENT, CLIMATE CHANGE AND FORESTS DEPARTMENT",Sub Office,232de4f8ba1c8f78,rti_tamil_nadu,rti_meta,legal_salience,en,no,templates/legal_salience.txt,applications/RA4/TN-254.txt,10,30
TN-255,RA3,Tamil Nadu,"WILDLIFE WARDEN, NAGAPATTINAM DIVISION","ENVIRONMENT, CLIMATE CHANGE AND FORESTS DEPARTMENT",Sub Office,8a68404d7a4e787a,rti_tamil_nadu,rti_meta,plain,en,no,templates/plain.txt,applications/RA3/TN-255.txt,10,30
TN-256,RA1,Tamil Nadu,FINANCE DEPARTMENT,FINANCE DEPARTMENT,Department,157cf4317f5db739,rti_tamil_nadu,rti_meta,legal_salience,en,no,templates/legal_salience.txt,applications/RA1/TN-256.txt,10,30
TN-257,RA2,Tamil Nadu,"DIRECTORATE OF AUDIT FOR MILK CO-OPERATIVES, CHENNAI",FINANCE DEPARTMENT,Head of Department,35007f6a76ad2667,rti_tamil_nadu,rti_meta,legal_salience,en,no,templates/legal_salience.txt,applications/RA2/TN-257.txt,10,30
TN-258,RA3,Tamil Nadu,DIRECTORATE OF HINDU RELIGIOUS INSTITUTIONS AUDIT,FINANCE DEPARTMENT,Head of Department,46d69fac101fc5cd,rti_tamil_nadu,rti_meta,plain,en,no,templates/plain.txt,applications/RA3/TN-258.txt,10,30
TN-259,RA4,Tamil Nadu,"DIRECTORATE OF SMALL SAVINGS, NANDANAM, CHENNAI",FINANCE DEPARTMENT,Head of Department,472bbfa7206c1686,rti_tamil_nadu,rti_meta,plain,en,no,templates/plain.txt,applications/RA4/TN-259.txt,10,30
TN-260,RA1,Tamil Nadu,"DIRECTORATE OF TREASURIES AND ACCOUNTS, CHENNAI",FINANCE DEPARTMENT,Head of Department,d4df7bb9ce9df5fd,rti_tamil_nadu,rti_meta,plain,en,no,templates/plain.txt,applications/RA1/TN-260.txt,10,30
TN-261,RA3,Tamil Nadu,"ASSISTANT DIRECTOR, STATE GOVERNMENT AUDIT, PUDUKKOTTAI",FINANCE DEPARTMENT,Sub Office,1eb35b0ba363d03c,rti_tamil_nadu,rti_meta,legal_salience,en,no,templates/legal_salience.txt,applications/RA3/TN-261.txt,10,30
TN-262,RA3,Tamil Nadu,"DEPUTY DIRECTOR,TAMILNADU KHADI AND VILLAGE INDUSTRIES BOARD AUDIT, TONDIARPET, CHENNAI",FINANCE DEPARTMENT,Sub Office,2aa3322cb30e45f0,rti_tamil_nadu,rti_meta,legal_salience,en,no,templates/legal_salience.txt,applications/RA3/TN-262.txt,10,30
TN-263,RA4,Tamil Nadu,"JOINT DIRECTOR OF COOPERATIVE AUDIT, MADURAI (REGION)",FINANCE DEPARTMENT,Sub Office,641f572d3baa5fa9,rti_tamil_nadu,rti_meta,legal_salience,en,no,templates/legal_salience.txt,applications/RA4/TN-263.txt,10,30
TN-264,RA3,Tamil Nadu,"PAY AND ACCOUNTS OFFICE (EAST), EGMORE, CHENNAI",FINANCE DEPARTMENT,Sub Office,9d6cd4f6b67cbf6e,rti_tamil_nadu,rti_meta,plain,en,no,templates/plain.txt,applications/RA3/TN-264.txt,10,30
TN-265,RA2,Tamil Nadu,"REGIONAL ASSISTANT DIRECTOR OF SMALL SAVINGS, SMALL SAVINGS WING, COLLECTORATE, CUDDALORE",FINANCE DEPARTMENT,Sub Office,158d536c37b5f653,rti_tamil_nadu,rti_meta,plain,en,no,templates/plain.txt,applications/RA2/TN-265.txt,10,30
TN-266,RA2,Tamil Nadu,"REGIONAL ASSISTANT DIRECTOR OF SMALL SAVINGS, SMALL SAVINGS WING, COLLECTORATE, ERODE",FINANCE DEPARTMENT,Sub Office,0cb585b2ca8aa658,rti_tamil_nadu,rti_meta,legal_salience,en,no,templates/legal_salience.txt,applications/RA2/TN-266.txt,10,30
TN-267,RA4,Tamil Nadu,"REGIONAL ASSISTANT DIRECTOR OF SMALL SAVINGS, SMALL SAVINGS WING, COLLECTORATE, PUDUKOTTAI",FINANCE DEPARTMENT,Sub Office,5313fbffc2d075cc,rti_tamil_nadu,rti_meta,plain,en,no,templates/plain.txt,applications/RA4/TN-267.txt,10,30
TN-268,RA2,Tamil Nadu,"REGIONAL ASSISTANT DIRECTOR OF SMALL SAVINGS, SMALL SAVINGS WING, COLLECTORATE, THANJAVUR",FINANCE DEPARTMENT,Sub Office,f4b496c0cd65b3a3,rti_tamil_nadu,rti_meta,plain,en,no,templates/plain.txt,applications/RA2/TN-268.txt,10,30
TN-269,RA3,Tamil Nadu,"REGIONAL JOINT DIRECTOR, LOCAL FUND AUDIT, SALEM",FINANCE DEPARTMENT,Sub Office,d528bbfd672f43ac,rti_tamil_nadu,rti_meta,plain,en,no,templates/plain.txt,applications/RA3/TN-269.txt,10,30
TN-270,RA2,Tamil Nadu,"ASSISTANT DIRECTOR OF COOPERATIVE AUDIT, ARIYALUR",FINANCE DEPARTMENT,Sub Office,e83bfefd09e366c9,rti_tamil_nadu,rti_meta,plain,en,no,templates/plain.txt,applications/RA2/TN-270.txt,10,30
TN-271,RA1,Tamil Nadu,"ASSISTANT DIRECTOR OF COOPERATIVE AUDIT, KARUR",FINANCE DEPARTMENT,Sub Office,0b1044fe9aa74f9f,rti_tamil_nadu,rti_meta,legal_salience,en,no,templates/legal_salience.txt,applications/RA1/TN-271.txt,10,30
TN-272,RA4,Tamil Nadu,"ASSISTANT DIRECTOR OF COOPERATIVE AUDIT, THIRUVANNAMALAI",FINANCE DEPARTMENT,Sub Office,525f74d6a8cb368b,rti_tamil_nadu,rti_meta,plain,en,no,templates/plain.txt,applications/RA4/TN-272.txt,10,30
TN-273,RA4,Tamil Nadu,"ASSISTANT DIRECTOR, LOCAL FUND AUDIT DEPARTMENT, VIRUDHUNAGAR",FINANCE DEPARTMENT,Sub Office,033a9d8c65dbddc5,rti_tamil_nadu,rti_meta,legal_salience,en,no,templates/legal_salience.txt,applications/RA4/TN-273.txt,10,30
TN-274,RA1,Tamil Nadu,"ASSISTANT DIRECTOR, LOCAL FUND AUDIT, DHARMAPURI",FINANCE DEPARTMENT,Sub Office,6c4866e133cb3a8c,rti_tamil_nadu,rti_meta,plain,en,no,templates/plain.txt,applications/RA1/TN-274.txt,10,30
TN-275,RA3,Tamil Nadu,"ASSISTANT DIRECTOR, LOCAL FUND AUDIT, TAMIL UNIVERSITY CONCURRENT AUDIT, THANJAVUR",FINANCE DEPARTMENT,Sub Office,b13526f20421dc7d,rti_tamil_nadu,rti_meta,plain,en,no,templates/plain.txt,applications/RA3/TN-275.txt,10,30
TN-276,RA1,Tamil Nadu,"ASSISTANT SUPERINTENDENT OF STAMPS OFFICE, NANDHANAM, CHENNAI",FINANCE DEPARTMENT,Sub Office,af4e6c2d7aae0aa4,rti_tamil_nadu,rti_meta,plain,en,no,templates/plain.txt,applications/RA1/TN-276.txt,10,30
TN-277,RA3,Tamil Nadu,"DEPUTY DIRECTOR, LOCAL FUND AUDIT, TRICHY CITY CORPORATION, TRICHY",FINANCE DEPARTMENT,Sub Office,edd202108910a73a,rti_tamil_nadu,rti_meta,plain,en,no,templates/plain.txt,applications/RA3/TN-277.txt,10,30
TN-278,RA2,Tamil Nadu,"DISTRICT TREASURY, OOTY",FINANCE DEPARTMENT,Sub Office,73f03aed9e152ba4,rti_tamil_nadu,rti_meta,plain,en,no,templates/plain.txt,applications/RA2/TN-278.txt,10,30
TN-279,RA4,Tamil Nadu,"DISTRICT TREASURY, TIRUPATHUR",FINANCE DEPARTMENT,Sub Office,05ec882722eced69,rti_tamil_nadu,rti_meta,plain,en,no,templates/plain.txt,applications/RA4/TN-279.txt,10,30
TN-280,RA1,Tamil Nadu,"PENSION PAY OFFICE CHENNAI, NANDANAM, CHENNAI",FINANCE DEPARTMENT,Sub Office,e8b20842b27412d3,rti_tamil_nadu,rti_meta,plain,en,no,templates/plain.txt,applications/RA1/TN-280.txt,10,30
TN-281,RA1,Tamil Nadu,"HANDLOOMS, HANDICRAFTS, TEXTILES AND KHADI DEPARTMENT","HANDLOOMS, HANDICRAFTS, TEXTILES AND KHADI DEPARTMENT",Department,5869a8aa851cb2f8,rti_tamil_nadu,rti_meta,legal_salience,en,no,templates/legal_salience.txt,applications/RA1/TN-281.txt,10,30
TN-282,RA4,Tamil Nadu,CO OPTEX,"HANDLOOMS, HANDICRAFTS, TEXTILES AND KHADI DEPARTMENT",Head of Department,f72c67f3ab251600,rti_tamil_nadu,rti_meta,plain,en,no,templates/plain.txt,applications/RA4/TN-282.txt,10,30
TN-283,RA2,Tamil Nadu,DIRECTORATE OF SERICULTURE,"HANDLOOMS, HANDICRAFTS, TEXTILES AND KHADI DEPARTMENT",Head of Department,2e4b6190678c41a7,rti_tamil_nadu,rti_meta,legal_salience,en,no,templates/legal_salience.txt,applications/RA2/TN-283.txt,10,30
TN-284,RA2,Tamil Nadu,TAMIL NADU KHADI AND VILLAGE INDUSTRIES BOARD,"HANDLOOMS, HANDICRAFTS, TEXTILES AND KHADI DEPARTMENT",Head of Department,b4d7b19faced7d4c,rti_tamil_nadu,rti_meta,plain,en,no,templates/plain.txt,applications/RA2/TN-284.txt,10,30
TN-285,RA1,Tamil Nadu,THE TAMIL NADU HANDICRAFTS DEVELOPMENT CORPORATION LTD,"HANDLOOMS, HANDICRAFTS, TEXTILES AND KHADI DEPARTMENT",Head of Department,ceeefd9aa8e7996e,rti_tamil_nadu,rti_meta,plain,en,no,templates/plain.txt,applications/RA1/TN-285.txt,10,30
TN-286,RA4,Tamil Nadu,"ASSISTANT DIRECTOR OF HANDLOOMS, COIMBATORE","HANDLOOMS, HANDICRAFTS, TEXTILES AND KHADI DEPARTMENT",Sub Office,7f9e045f40bcf7c1,rti_tamil_nadu,rti_meta,legal_salience,en,no,templates/legal_salience.txt,applications/RA4/TN-286.txt,10,30
TN-287,RA3,Tamil Nadu,"ASSISTANT DIRECTOR OF HANDLOOMS, TIRUPUR","HANDLOOMS, HANDICRAFTS, TEXTILES AND KHADI DEPARTMENT",Sub Office,f514d657b2f978df,rti_tamil_nadu,rti_meta,legal_salience,en,no,templates/legal_salience.txt,applications/RA3/TN-287.txt,10,30
TN-288,RA1,Tamil Nadu,"ASSISTANT DIRECTOR OF HANDLOOMS, TIRUVALLUR","HANDLOOMS, HANDICRAFTS, TEXTILES AND KHADI DEPARTMENT",Sub Office,861db73c57b6daab,rti_tamil_nadu,rti_meta,plain,en,no,templates/plain.txt,applications/RA1/TN-288.txt,10,30
TN-289,RA2,Tamil Nadu,"ASSISTANT ENFORCEMENT OFFICER, THE HANDLOOM (RESERVATION OF ARTICLES FOR PRODUCTION) ACT-1985, MADURAI","HANDLOOMS, HANDICRAFTS, TEXTILES AND KHADI DEPARTMENT",Sub Office,42403194b43644aa,rti_tamil_nadu,rti_meta,plain,en,no,templates/plain.txt,applications/RA2/TN-289.txt,10,30
TN-290,RA2,Tamil Nadu,"ASSISTANT ENFORCEMENT OFFICER, THE HANDLOOM (RESERVATION OF ARTICLES FOR PRODUCTION) ACT-1985, SALEM","HANDLOOMS, HANDICRAFTS, TEXTILES AND KHADI DEPARTMENT",Sub Office,9b11f0ca133b148e,rti_tamil_nadu,rti_meta,plain,en,no,templates/plain.txt,applications/RA2/TN-290.txt,10,30
TN-291,RA4,Tamil Nadu,"CO-OPERATIVE SPINNING MILLS LTD., KANNIYAKUMARI","HANDLOOMS, HANDICRAFTS, TEXTILES AND KHADI DEPARTMENT",Sub Office,01890bad96e98b3a,rti_tamil_nadu,rti_meta,plain,en,no,templates/plain.txt,applications/RA4/TN-291.txt,10,30
TN-292,RA3,Tamil Nadu,"CO-OPERATIVE SPINNING MILLS LTD., TR(H)97, ARANTHANGI, PUDUKKOTTAI","HANDLOOMS, HANDICRAFTS, TEXTILES AND KHADI DEPARTMENT",Sub Office,f89de7eab90d5805,rti_tamil_nadu,rti_meta,plain,en,no,templates/plain.txt,applications/RA3/TN-292.txt,10,30
TN-293,RA1,Tamil Nadu,"DEPUTY DIRECTOR (SILK), SALEM","HANDLOOMS, HANDICRAFTS, TEXTILES AND KHADI DEPARTMENT",Sub Office,24c1a9e581daf88c,rti_tamil_nadu,rti_meta,legal_salience,en,no,templates/legal_salience.txt,applications/RA1/TN-293.txt,10,30
TN-294,RA2,Tamil Nadu,"DEPUTY DIRECTOR OF HANDLOOMS, KANCHIPURAM","HANDLOOMS, HANDICRAFTS, TEXTILES AND KHADI DEPARTMENT",Sub Office,4c2c46a312adfa2e,rti_tamil_nadu,rti_meta,plain,en,no,templates/plain.txt,applications/RA2/TN-294.txt,10,30
TN-295,RA4,Tamil Nadu,"DEPUTY DIRECTOR OF HANDLOOMS, SALEM","HANDLOOMS, HANDICRAFTS, TEXTILES AND KHADI DEPARTMENT",Sub Office,4e6eafb9724a0e02,rti_tamil_nadu,rti_meta,plain,en,no,templates/plain.txt,applications/RA4/TN-295.txt,10,30
TN-296,RA4,Tamil Nadu,"MANAGER, POOMPUHAR BRASS & BELL METAL PRODUCTION CENTRE, NACHIARKOIL, THANJAVUR","HANDLOOMS, HANDICRAFTS, TEXTILES AND KHADI DEPARTMENT",Sub Office,8088cb95886368a9,rti_tamil_nadu,rti_meta,plain,en,no,templates/plain.txt,applications/RA4/TN-296.txt,10,30
TN-297,RA3,Tamil Nadu,"MANAGER, POOMPUHAR SALES SHOWROOM, SALEM","HANDLOOMS, HANDICRAFTS, TEXTILES AND KHADI DEPARTMENT",Sub Office,1d924c0ea15bcad9,rti_tamil_nadu,rti_meta,plain,en,no,templates/plain.txt,applications/RA3/TN-297.txt,10,30
TN-298,RA3,Tamil Nadu,"MANAGER, POOMPUHAR SALES SHOWROOM, THANJAVUR","HANDLOOMS, HANDICRAFTS, TEXTILES AND KHADI DEPARTMENT",Sub Office,4c7ca26699bb439c,rti_tamil_nadu,rti_meta,legal_salience,en,no,templates/legal_salience.txt,applications/RA3/TN-298.txt,10,30
TN-299,RA1,Tamil Nadu,"REGIONAL DEPUTY DIRECTOR OF SERICULTURE, TRICHY","HANDLOOMS, HANDICRAFTS, TEXTILES AND KHADI DEPARTMENT",Sub Office,5369648e286f3a10,rti_tamil_nadu,rti_meta,plain,en,no,templates/plain.txt,applications/RA1/TN-299.txt,10,30
TN-300,RA2,Tamil Nadu,"REGIONAL DEPUTY DIRECTOR OF TEXTILES, TIRUPPUR","HANDLOOMS, HANDICRAFTS, TEXTILES AND KHADI DEPARTMENT",Sub Office,135fb82f0f26eed8,rti_tamil_nadu,rti_meta,legal_salience,en,no,templates/legal_salience.txt,applications/RA2/TN-300.txt,10,30
TN-301,RA1,Tamil Nadu,"TAMIL NADU CO-OPERATIVE SILK PRODUCERS' FEDERATION LIMITED, KANCHIPURAM","HANDLOOMS, HANDICRAFTS, TEXTILES AND KHADI DEPARTMENT",Sub Office,6d4f2addb286c3bb,rti_tamil_nadu,rti_meta,plain,en,no,templates/plain.txt,applications/RA1/TN-301.txt,10,30
TN-302,RA4,Tamil Nadu,"ASSISTANT DIRECTOR OF SERICULTURE (GOVT LARGE SCALE SILK FARM), TALAVADI, ERODE","HANDLOOMS, HANDICRAFTS, TEXTILES AND KHADI DEPARTMENT",Sub Office,73b43437c2d5c076,rti_tamil_nadu,rti_meta,plain,en,no,templates/plain.txt,applications/RA4/TN-302.txt,10,30
TN-303,RA4,Tamil Nadu,"ASSISTANT DIRECTOR OF SERICULTURE, BIKKANAPALLI (POST), KRISHNAGIRI","HANDLOOMS, HANDICRAFTS, TEXTILES AND KHADI DEPARTMENT",Sub Office,d16ea3948bb0da05,rti_tamil_nadu,rti_meta,legal_salience,en,no,templates/legal_salience.txt,applications/RA4/TN-303.txt,10,30
TN-304,RA3,Tamil Nadu,"ASSISTANT DIRECTOR OF SERICULTURE, COONOOR, NILGIRIS","HANDLOOMS, HANDICRAFTS, TEXTILES AND KHADI DEPARTMENT",Sub Office,6baeadba2fbf4368,rti_tamil_nadu,rti_meta,plain,en,no,templates/plain.txt,applications/RA3/TN-304.txt,10,30
TN-305,RA3,Tamil Nadu,"ASSISTANT DIRECTOR OF SERICULTURE, DENKANIKOTTAI ROAD, HOSUR","HANDLOOMS, HANDICRAFTS, TEXTILES AND KHADI DEPARTMENT",Sub Office,669ea1f69082680a,rti_tamil_nadu,rti_meta,plain,en,no,templates/plain.txt,applications/RA3/TN-305.txt,10,30
TN-306,RA1,Tamil Nadu,"ASSISTANT DIRECTOR OF SERICULTURE, HOSUR","HANDLOOMS, HANDICRAFTS, TEXTILES AND KHADI DEPARTMENT",Sub Office,0e4b7fe5bbc5b2bd,rti_tamil_nadu,rti_meta,legal_salience,en,no,templates/legal_salience.txt,applications/RA1/TN-306.txt,10,30
TN-307,RA2,Tamil Nadu,HEALTH AND FAMILY WELFARE DEPARTMENT,HEALTH AND FAMILY WELFARE DEPARTMENT,Department,67d208fd181e3088,rti_tamil_nadu,rti_meta,legal_salience,en,no,templates/legal_salience.txt,applications/RA2/TN-307.txt,10,30
TN-308,RA1,Tamil Nadu,DIRECTORATE OF FAMILY WELFARE,HEALTH AND FAMILY WELFARE DEPARTMENT,Head of Department,458c1e87decb526c,rti_tamil_nadu,rti_meta,plain,en,no,templates/plain.txt,applications/RA1/TN-308.txt,10,30
TN-309,RA2,Tamil Nadu,DIRECTORATE OF MEDICAL AND RURAL HEALTH SERVICES,HEALTH AND FAMILY WELFARE DEPARTMENT,Head of Department,70072cb4f32f5e93,rti_tamil_nadu,rti_meta,plain,en,no,templates/plain.txt,applications/RA2/TN-309.txt,10,30
TN-310,RA3,Tamil Nadu,TAMIL NADU NURSES AND MIDWIVES COUNCIL,HEALTH AND FAMILY WELFARE DEPARTMENT,Head of Department,dffb2b33c731d420,rti_tamil_nadu,rti_meta,plain,en,no,templates/plain.txt,applications/RA3/TN-310.txt,10,30
TN-311,RA3,Tamil Nadu,"TAMIL NADU STATE BLINDNESS CONTROL SOCIETY, CHENNAI",HEALTH AND FAMILY WELFARE DEPARTMENT,Head of Department,21f26e442c0a419d,rti_tamil_nadu,rti_meta,legal_salience,en,no,templates/legal_salience.txt,applications/RA3/TN-311.txt,10,30
TN-312,RA1,Tamil Nadu,"CHIEF WATER ANALYSIS LABORATORY,TIRUNELVELI",HEALTH AND FAMILY WELFARE DEPARTMENT,Sub Office,e3b16cdb4c79aa08,rti_tamil_nadu,rti_meta,plain,en,no,templates/plain.txt,applications/RA1/TN-312.txt,10,30
TN-313,RA4,Tamil Nadu,"DISTRICT FAMILY WELFARE BUREAU, CUDDALORE",HEALTH AND FAMILY WELFARE DEPARTMENT,Sub Office,da34f31c18d54d63,rti_tamil_nadu,rti_meta,plain,en,no,templates/plain.txt,applications/RA4/TN-313.txt,10,30
TN-314,RA4,Tamil Nadu,"DISTRICT FAMILY WELFARE BUREAU, TIRUVANNAMALAI",HEALTH AND FAMILY WELFARE DEPARTMENT,Sub Office,3a44aeccf08471d8,rti_tamil_nadu,rti_meta,legal_salience,en,no,templates/legal_salience.txt,applications/RA4/TN-314.txt,10,30
TN-315,RA1,Tamil Nadu,"DISTRICT HEAD QUARTERS HOSPITAL, KUMBAKONAM",HEALTH AND FAMILY WELFARE DEPARTMENT,Sub Office,40c41b59aaf9d6c7,rti_tamil_nadu,rti_meta,legal_salience,en,no,templates/legal_salience.txt,applications/RA1/TN-315.txt,10,30
TN-316,RA3,Tamil Nadu,"DISTRICT HEAD QUATRES HOSPITAL, TIRUTTANI",HEALTH AND FAMILY WELFARE DEPARTMENT,Sub Office,64805473bb80787f,rti_tamil_nadu,rti_meta,plain,en,no,templates/plain.txt,applications/RA3/TN-316.txt,10,30
TN-317,RA4,Tamil Nadu,"FOOD ANALYSIS LABORATORY, SALEM",HEALTH AND FAMILY WELFARE DEPARTMENT,Sub Office,2706ce9ca9c31a23,rti_tamil_nadu,rti_meta,plain,en,no,templates/plain.txt,applications/RA4/TN-317.txt,10,30
TN-318,RA3,Tamil Nadu,"GOVERNMENT HOSPITAL ,VATTLAGUNDU, NILAKKOTTAI",HEALTH AND FAMILY WELFARE DEPARTMENT,Sub Office,4f339e164ef91470,rti_tamil_nadu,rti_meta,plain,en,no,templates/plain.txt,applications/RA3/TN-318.txt,10,30
TN-319,RA2,Tamil Nadu,"GOVERNMENT HOSPITAL, ANNAVASAL, ILLUPPUR",HEALTH AND FAMILY WELFARE DEPARTMENT,Sub Office,d29c242513d48767,rti_tamil_nadu,rti_meta,legal_salience,en,no,templates/legal_salience.txt,applications/RA2/TN-319.txt,10,30
TN-320,RA2,Tamil Nadu,"GOVERNMENT HOSPITAL, BUDALUR",HEALTH AND FAMILY WELFARE DEPARTMENT,Sub Office,1e9d335efd3c009a,rti_tamil_nadu,rti_meta,legal_salience,en,no,templates/legal_salience.txt,applications/RA2/TN-320.txt,10,30
TN-321,RA3,Tamil Nadu,"GOVERNMENT HOSPITAL, CHEYYUR",HEALTH AND FAMILY WELFARE DEPARTMENT,Sub Office,2cb1bd83d633f118,rti_tamil_nadu,rti_meta,legal_salience,en,no,templates/legal_salience.txt,applications/RA3/TN-321.txt,10,30
TN-322,RA2,Tamil Nadu,"GOVERNMENT HOSPITAL, KILAKARAI",HEALTH AND FAMILY WELFARE DEPARTMENT,Sub Office,882d14efde8aa6e6,rti_tamil_nadu,rti_meta,plain,en,no,templates/plain.txt,applications/RA2/TN-322.txt,10,30
TN-323,RA2,Tamil Nadu,"GOVERNMENT HOSPITAL, KOLLI HILLS",HEALTH AND FAMILY WELFARE DEPARTMENT,Sub Office,6ec1e527e595d76e,rti_tamil_nadu,rti_meta,plain,en,no,templates/plain.txt,applications/RA2/TN-323.txt,10,30
TN-324,RA2,Tamil Nadu,"GOVERNMENT HOSPITAL, VEERAKERALAMPUTHUR",HEALTH AND FAMILY WELFARE DEPARTMENT,Sub Office,bb5b2e5ff66282aa,rti_tamil_nadu,rti_meta,plain,en,no,templates/plain.txt,applications/RA2/TN-324.txt,10,30
TN-325,RA3,Tamil Nadu,"GOVERNMENT HOSPITAL, VEPPUR, KUNNAM",HEALTH AND FAMILY WELFARE DEPARTMENT,Sub Office,ae711e4cc866ce84,rti_tamil_nadu,rti_meta,plain,en,no,templates/plain.txt,applications/RA3/TN-325.txt,10,30
TN-326,RA1,Tamil Nadu,"GOVERNMENT MEDICAL COLLEGE, NAGAPATTINAM",HEALTH AND FAMILY WELFARE DEPARTMENT,Sub Office,d4f39f6abd48f09b,rti_tamil_nadu,rti_meta,plain,en,no,templates/plain.txt,applications/RA1/TN-326.txt,10,30
TN-327,RA2,Tamil Nadu,"GOVERNMENT MEDICAL COLLEGE, THIRUVARUR",HEALTH AND FAMILY WELFARE DEPARTMENT,Sub Office,8c545395e493a7e1,rti_tamil_nadu,rti_meta,plain,en,no,templates/plain.txt,applications/RA2/TN-327.txt,10,30
TN-328,RA1,Tamil Nadu,"GOVERNMENT THIRUVARUR MEDICAL COLLEGE HOSPITAL, THIRUVARUR",HEALTH AND FAMILY WELFARE DEPARTMENT,Sub Office,d6bbc9616c8d2b83,rti_tamil_nadu,rti_meta,plain,en,no,templates/plain.txt,applications/RA1/TN-328.txt,10,30
TN-329,RA1,Tamil Nadu,"GOVERNMENT TIRUVOTTESWARAR HOSPITAL OF THORACIC MEDICINE, OTTERI, AMINJIKARAI",HEALTH AND FAMILY WELFARE DEPARTMENT,Sub Office,febb5e045c2fbedc,rti_tamil_nadu,rti_meta,plain,en,no,templates/plain.txt,applications/RA1/TN-329.txt,10,30
TN-330,RA4,Tamil Nadu,"STANLEY MEDICAL COLLEGE, EGMORE,CHENNAI",HEALTH AND FAMILY WELFARE DEPARTMENT,Sub Office,4d6a279f8f96d20b,rti_tamil_nadu,rti_meta,plain,en,no,templates/plain.txt,applications/RA4/TN-330.txt,10,30
TN-331,RA4,Tamil Nadu,"TAMIL NADU FOOD SAFETY AND DRUG ADMINISTRATION, THIRUVALLUR",HEALTH AND FAMILY WELFARE DEPARTMENT,Sub Office,6f5d50a16f795f39,rti_tamil_nadu,rti_meta,plain,en,no,templates/plain.txt,applications/RA4/TN-331.txt,10,30
TN-332,RA4,Tamil Nadu,"TAMIL NADU FOOD SAFETY AND DRUG ADMINISTRATION, TIRUVANNAMALAI",HEALTH AND FAMILY WELFARE DEPARTMENT,Sub Office,963dcff25f64f93b,rti_tamil_nadu,rti_meta,legal_salience,en,no,templates/legal_salience.txt,applications/RA4/TN-332.txt,10,30
TN-333,RA3,Tamil Nadu,"WOMEN AND CHILDREN HOSPITAL, SIVAGANGA",HEALTH AND FAMILY WELFARE DEPARTMENT,Sub Office,a64f9a40878eb1eb,rti_tamil_nadu,rti_meta,plain,en,no,templates/plain.txt,applications/RA3/TN-333.txt,10,30
TN-334,RA1,Tamil Nadu,"WOMEN AND CHILDREN HOSPITAL, VIJAYAPURAM, MADATHUKULAM",HEALTH AND FAMILY WELFARE DEPARTMENT,Sub Office,727db04bf1f0ec2d,rti_tamil_nadu,rti_meta,legal_salience,en,no,templates/legal_salience.txt,applications/RA1/TN-334.txt,10,30
TN-335,RA4,Tamil Nadu,"GOVERNMENT DISTRICT HEAD QUARTERS HOSPITAL, TENKASI",HEALTH AND FAMILY WELFARE DEPARTMENT,Sub Office,1c8515a8a91d7f13,rti_tamil_nadu,rti_meta,plain,en,no,templates/plain.txt,applications/RA4/TN-335.txt,10,30
TN-336,RA3,Tamil Nadu,HIGHER EDUCATION DEPARTMENT,HIGHER EDUCATION DEPARTMENT,Department,3d65b4af16d2a1ec,rti_tamil_nadu,rti_meta,legal_salience,en,no,templates/legal_salience.txt,applications/RA3/TN-336.txt,10,30
TN-337,RA3,Tamil Nadu,ALAGAPPA UNIVESITY,HIGHER EDUCATION DEPARTMENT,Head of Department,4c0c73d27500164c,rti_tamil_nadu,rti_meta,plain,en,no,templates/plain.txt,applications/RA3/TN-337.txt,10,30
TN-338,RA2,Tamil Nadu,"DIRECTORATE OF COLLEGIATE EDUCATION, CHENNAI",HIGHER EDUCATION DEPARTMENT,Head of Department,457df72bc811a60f,rti_tamil_nadu,rti_meta,plain,en,no,templates/plain.txt,applications/RA2/TN-338.txt,10,30
TN-339,RA1,Tamil Nadu,TAMIL NADU STATE COUNCIL FOR SCIENCE AND TECHNOLOGY,HIGHER EDUCATION DEPARTMENT,Head of Department,030f8dbc86989ee2,rti_tamil_nadu,rti_meta,plain,en,no,templates/plain.txt,applications/RA1/TN-339.txt,10,30
TN-340,RA4,Tamil Nadu,UNIVERSITY OF MADRAS,HIGHER EDUCATION DEPARTMENT,Head of Department,92354a4b97632c49,rti_tamil_nadu,rti_meta,legal_salience,en,no,templates/legal_salience.txt,applications/RA4/TN-340.txt,10,30
TN-341,RA1,Tamil Nadu,"GOVERNMENT POLYTECHNIC COLLEGE PALAKKODU, DHARMAPURI",HIGHER EDUCATION DEPARTMENT,Sub Office,cd600c9de8aa2585,rti_tamil_nadu,rti_meta,plain,en,no,templates/plain.txt,applications/RA1/TN-341.txt,10,30
TN-342,RA3,Tamil Nadu,"JOINT DIRECTOR OF COLLEGIATE EDUCATION, TIRUNELVELI REGION",HIGHER EDUCATION DEPARTMENT,Sub Office,506d83cd529c46ea,rti_tamil_nadu,rti_meta,legal_salience,en,no,templates/legal_salience.txt,applications/RA3/TN-342.txt,10,30
TN-343,RA3,Tamil Nadu,"MUTHIAH POLYTECHNIC COLLEGE, ANNAMALAINAGAR, CHIDAMBARAM",HIGHER EDUCATION DEPARTMENT,Sub Office,6be0d52542580bb5,rti_tamil_nadu,rti_meta,plain,en,no,templates/plain.txt,applications/RA3/TN-343.txt,10,30
TN-344,RA2,Tamil Nadu,"GOVERNMENT ARTS & SCIENCE COLLEGE, TIRUPATHUR.",HIGHER EDUCATION DEPARTMENT,Sub Office,70839347365e3f18,rti_tamil_nadu,rti_meta,plain,en,no,templates/plain.txt,applications/RA2/TN-344.txt,10,30
TN-345,RA3,Tamil Nadu,"GOVERNMENT ARTS AND SCIENCE COLLEGE FOR WOMEN, ORATHANADU, THANJAVUR",HIGHER EDUCATION DEPARTMENT,Sub Office,d7a110e60f9127c7,rti_tamil_nadu,rti_meta,legal_salience,en,no,templates/legal_salience.txt,applications/RA3/TN-345.txt,10,30
TN-346,RA4,Tamil Nadu,"GOVERNMENT ARTS AND SCIENCE COLLEGE FOR WOMEN, PULIYANKULAM, COIMBATORE",HIGHER EDUCATION DEPARTMENT,Sub Office,6aff5ddd6b27c36e,rti_tamil_nadu,rti_meta,plain,en,no,templates/plain.txt,applications/RA4/TN-346.txt,10,30
TN-347,RA4,Tamil Nadu,"GOVERNMENT ARTS AND SCIENCE COLLEGE, KADAIYANALLUR, TENKASI",HIGHER EDUCATION DEPARTMENT,Sub Office,ef779d4f2ad414b3,rti_tamil_nadu,rti_meta,legal_salience,en,no,templates/legal_salience.txt,applications/RA4/TN-347.txt,10,30
TN-348,RA1,Tamil Nadu,"GOVERNMENT ARTS AND SCIENCE COLLEGE, MANAMADURAI, SIVAGANGA",HIGHER EDUCATION DEPARTMENT,Sub Office,e3262381e758cea7,rti_tamil_nadu,rti_meta,plain,en,no,templates/plain.txt,applications/RA1/TN-348.txt,10,30
TN-349,RA3,Tamil Nadu,"GOVERNMENT ARTS AND SCIENCE COLLEGE, THIRUVOTTIYUR, CHENNAI",HIGHER EDUCATION DEPARTMENT,Sub Office,9aeeb55077896334,rti_tamil_nadu,rti_meta,plain,en,no,templates/plain.txt,applications/RA3/TN-349.txt,10,30
TN-350,RA2,Tamil Nadu,"GOVERNMENT COLLEGE OF EDUCATION FOR WOMEN, COIMBATORE.",HIGHER EDUCATION DEPARTMENT,Sub Office,697e6610dc0fcb06,rti_tamil_nadu,rti_meta,legal_salience,en,no,templates/legal_salience.txt,applications/RA2/TN-350.txt,10,30
TN-351,RA1,Tamil Nadu,"JEYARAJ ANNAPACKIAM COLLEGE (AUTONOMOUS), THENI.",HIGHER EDUCATION DEPARTMENT,Sub Office,2ad82928addcedd8,rti_tamil_nadu,rti_meta,legal_salience,en,no,templates/legal_salience.txt,applications/RA1/TN-351.txt,10,30
TN-352,RA4,Tamil Nadu,"KAMARAJ COLLEGE, THOOTHUKUDI.",HIGHER EDUCATION DEPARTMENT,Sub Office,c269f20e5468850b,rti_tamil_nadu,rti_meta,legal_salience,en,no,templates/legal_salience.txt,applications/RA4/TN-352.txt,10,30
TN-353,RA1,Tamil Nadu,"LADY WILLINGTON INSTITUTE OF ADVANCED STUDY IN EDUCATION, CHENNAI.",HIGHER EDUCATION DEPARTMENT,Sub Office,115d8041e40df077,rti_tamil_nadu,rti_meta,plain,en,no,templates/plain.txt,applications/RA1/TN-353.txt,10,30
TN-354,RA4,Tamil Nadu,"NEHRU MEMORIAL COLLEGE, PUTHANAMPATTI, TIRUCHY",HIGHER EDUCATION DEPARTMENT,Sub Office,7f8e810ff6541e26,rti_tamil_nadu,rti_meta,plain,en,no,templates/plain.txt,applications/RA4/TN-354.txt,10,30
TN-355,RA3,Tamil Nadu,"PURATCHI THALAIVAR DR MGR GOVERNMENT ARTS AND SCIENCE COLLEGE, MADHANUR, TIRUPATHUR",HIGHER EDUCATION DEPARTMENT,Sub Office,3f70dd15092bc39d,rti_tamil_nadu,rti_meta,plain,en,no,templates/plain.txt,applications/RA3/TN-355.txt,10,30
TN-356,RA4,Tamil Nadu,"SENTHAMIZH ART COLLEGE, MADURAI.",HIGHER EDUCATION DEPARTMENT,Sub Office,c9191006cc71dce1,rti_tamil_nadu,rti_meta,plain,en,no,templates/plain.txt,applications/RA4/TN-356.txt,10,30
TN-357,RA2,Tamil Nadu,"SREE DEVI KUMARI WOMEN S COLLEGE, KUZHITHURAI, KANNIYAKUMARI",HIGHER EDUCATION DEPARTMENT,Sub Office,10ba2493b32a91eb,rti_tamil_nadu,rti_meta,plain,en,no,templates/plain.txt,applications/RA2/TN-357.txt,10,30
TN-358,RA3,Tamil Nadu,"SRI SATHGURU SANGEETHA VIDYALAYAM, MADURAI.",HIGHER EDUCATION DEPARTMENT,Sub Office,155267e13f8e0f70,rti_tamil_nadu,rti_meta,plain,en,no,templates/plain.txt,applications/RA3/TN-358.txt,10,30
TN-359,RA4,Tamil Nadu,"ST. JOSEPH'S COLLEGE, TIRUCHY.",HIGHER EDUCATION DEPARTMENT,Sub Office,ca9203cb87a41bfa,rti_tamil_nadu,rti_meta,plain,en,no,templates/plain.txt,applications/RA4/TN-359.txt,10,30
TN-360,RA1,Tamil Nadu,"STELLA MATUTINA COLLEGE OF EDUCATION, CHENNAI.",HIGHER EDUCATION DEPARTMENT,Sub Office,576c3299fdb3cd36,rti_tamil_nadu,rti_meta,plain,en,no,templates/plain.txt,applications/RA1/TN-360.txt,10,30
TN-361,RA2,Tamil Nadu,"TAMILAVEL UMAMAGESWARANAR KARANTHAI COLLEGE, THANJAVUR.",HIGHER EDUCATION DEPARTMENT,Sub Office,3dc4599fd3ea915d,rti_tamil_nadu,rti_meta,legal_salience,en,no,templates/legal_salience.txt,applications/RA2/TN-361.txt,10,30
TN-362,RA2,Tamil Nadu,"THE AMERICAN COLLEGE, GORIPALAYAM, MADURAI",HIGHER EDUCATION DEPARTMENT,Sub Office,7d729a3c85b406a3,rti_tamil_nadu,rti_meta,plain,en,no,templates/plain.txt,applications/RA2/TN-362.txt,10,30
TN-363,RA4,Tamil Nadu,"THE QUAID-E-MILLETH COLLEGE FOR MEN, CHENNAI.",HIGHER EDUCATION DEPARTMENT,Sub Office,b232d4336fdc8c10,rti_tamil_nadu,rti_meta,plain,en,no,templates/plain.txt,applications/RA4/TN-363.txt,10,30
TN-364,RA2,Tamil Nadu,"THIRU A GOVINDASWAMI GOVERNMENT ARTS COLLEGE, TINDIVANAM, VILLUPURAM",HIGHER EDUCATION DEPARTMENT,Sub Office,e62afa652078f984,rti_tamil_nadu,rti_meta,plain,en,no,templates/plain.txt,applications/RA2/TN-364.txt,10,30
TN-365,RA1,Tamil Nadu,"V.S SIVALINGAM GOVERNMENT ARTS COLLEGE, SIVAGANGA.",HIGHER EDUCATION DEPARTMENT,Sub Office,a971e4ed2c8baf92,rti_tamil_nadu,rti_meta,legal_salience,en,no,templates/legal_salience.txt,applications/RA1/TN-365.txt,10,30
TN-366,RA1,Tamil Nadu,"VIVEKANANDA COLLEGE, AGASTEESWARAM, KANNIYAKUMARI",HIGHER EDUCATION DEPARTMENT,Sub Office,14bff02b2b2c34ce,rti_tamil_nadu,rti_meta,plain,en,no,templates/plain.txt,applications/RA1/TN-366.txt,10,30
TN-367,RA1,Tamil Nadu,HIGHWAYS AND MINOR PORTS DEPARTMENT,HIGHWAYS AND MINOR PORTS DEPARTMENT,Department,6729ddd1d73ee7aa,rti_tamil_nadu,rti_meta,legal_salience,en,no,templates/legal_salience.txt,applications/RA1/TN-367.txt,10,30
TN-368,RA2,Tamil Nadu,"HIGHWAYS RESEARCH STATION, CHENNAI",HIGHWAYS AND MINOR PORTS DEPARTMENT,Head of Department,acff7cc47b71f954,rti_tamil_nadu,rti_meta,legal_salience,en,no,templates/legal_salience.txt,applications/RA2/TN-368.txt,10,30
TN-369,RA3,Tamil Nadu,"HIGHWAYS RESEARCH STATION, QUALITY CONTROL DIVISION,CHENNAI",HIGHWAYS AND MINOR PORTS DEPARTMENT,Head of Department,045eecb1bd0d252c,rti_tamil_nadu,rti_meta,plain,en,no,templates/plain.txt,applications/RA3/TN-369.txt,10,30
TN-370,RA2,Tamil Nadu,TAMILNADU ROAD INFRASTRUCTURE DEVELOPMENT CORPORATION,HIGHWAYS AND MINOR PORTS DEPARTMENT,Head of Department,34b397af8a3521fc,rti_tamil_nadu,rti_meta,plain,en,no,templates/plain.txt,applications/RA2/TN-370.txt,10,30
TN-371,RA4,Tamil Nadu,"THE PROJECT DIRECTOR, TAMIL NADU ROAD SECTOR PROJECT-II, CHENNAI",HIGHWAYS AND MINOR PORTS DEPARTMENT,Head of Department,591c69a80455e9d0,rti_tamil_nadu,rti_meta,plain,en,no,templates/plain.txt,applications/RA4/TN-371.txt,10,30
TN-372,RA2,Tamil Nadu,"DIVISIONAL ENGINEER (HIGHWAYS), NABARD AND RURAL ROADS, PUDUKKOTTAI",HIGHWAYS AND MINOR PORTS DEPARTMENT,Sub Office,6490c46a859e74d9,rti_tamil_nadu,rti_meta,plain,en,no,templates/plain.txt,applications/RA2/TN-372.txt,10,30
TN-373,RA3,Tamil Nadu,"DIVISIONAL ENGINEER(HIGHWAYS), METRO,CMDP DIVISION - III, CHENNAI.",HIGHWAYS AND MINOR PORTS DEPARTMENT,Sub Office,0254ea150ef4adcc,rti_tamil_nadu,rti_meta,legal_salience,en,no,templates/legal_salience.txt,applications/RA3/TN-373.txt,10,30
TN-374,RA1,Tamil Nadu,"DIVISIONAL ENGINEER(HIGHWAYS), PROJECTS DIVISION, CHENNAI.",HIGHWAYS AND MINOR PORTS DEPARTMENT,Sub Office,a9979cf4c16c7faf,rti_tamil_nadu,rti_meta,plain,en,no,templates/plain.txt,applications/RA1/TN-374.txt,10,30
TN-375,RA4,Tamil Nadu,"HIGHWAYS RESEARCH STATION, QUALITY CONTROL DIVISION, TRICHY",HIGHWAYS AND MINOR PORTS DEPARTMENT,Sub Office,c689e62ab06eebb9,rti_tamil_nadu,rti_meta,legal_salience,en,no,templates/legal_salience.txt,applications/RA4/TN-375.txt,10,30
TN-376,RA2,Tamil Nadu,"SUPERINTENDING ENGINEER,( HIGHWAYS) PROJECTS CIRCLE,COIMBATORE",HIGHWAYS AND MINOR PORTS DEPARTMENT,Sub Office,1be2aed4f2d6fcdb,rti_tamil_nadu,rti_meta,legal_salience,en,no,templates/legal_salience.txt,applications/RA2/TN-376.txt,10,30
TN-377,RA1,Tamil Nadu,"THE SUPERINTENDING ENGINEER (HIGHWAYS) C&M CIRCLE, TVS TOLGATE TRICHY",HIGHWAYS AND MINOR PORTS DEPARTMENT,Sub Office,ada8058102efbfb7,rti_tamil_nadu,rti_meta,plain,en,no,templates/plain.txt,applications/RA1/TN-377.txt,10,30
TN-378,RA3,Tamil Nadu,"THE SUPERINTENDING ENGINEER, HIGHWAYS, CONSTRUCTION AND MAINTENANCE,TIRUPUR",HIGHWAYS AND MINOR PORTS DEPARTMENT,Sub Office,8707779a1b9d13bb,rti_tamil_nadu,rti_meta,plain,en,no,templates/plain.txt,applications/RA3/TN-378.txt,10,30
TN-379,RA1,Tamil Nadu,"DIVISIONAL ENGINEER HIGHWAYS, C&M CHENNAI CHENGALPATTU",HIGHWAYS AND MINOR PORTS DEPARTMENT,Sub Office,3586df4706814f01,rti_tamil_nadu,rti_meta,plain,en,no,templates/plain.txt,applications/RA1/TN-379.txt,10,30
TN-380,RA2,Tamil Nadu,"DIVISIONAL ENGINEER HIGHWAYS, C&M CHENNAI CITY ROADS DIVISION-2",HIGHWAYS AND MINOR PORTS DEPARTMENT,Sub Office,8bf1e45a81bbce6e,rti_tamil_nadu,rti_meta,plain,en,no,templates/plain.txt,applications/RA2/TN-380.txt,10,30
TN-381,RA4,Tamil Nadu,"DIVISIONAL ENGINEER HIGHWAYS, C&M KANCHEEPURAM",HIGHWAYS AND MINOR PORTS DEPARTMENT,Sub Office,b5a55e19520e807c,rti_tamil_nadu,rti_meta,plain,en,no,templates/plain.txt,applications/RA4/TN-381.txt,10,30
TN-382,RA3,Tamil Nadu,"DIVISIONAL ENGINEER,HIGHWAYS, CONSTRUCTION AND MAINTENANCE, POLLACHI",HIGHWAYS AND MINOR PORTS DEPARTMENT,Sub Office,cf6fef88b89572c7,rti_tamil_nadu,rti_meta,legal_salience,en,no,templates/legal_salience.txt,applications/RA3/TN-382.txt,10,30
TN-383,RA4,Tamil Nadu,"THE DIVISIONAL ENGINEER (HIGHWAYS), C&M, VELLORE",HIGHWAYS AND MINOR PORTS DEPARTMENT,Sub Office,f9830af9f7486959,rti_tamil_nadu,rti_meta,legal_salience,en,no,templates/legal_salience.txt,applications/RA4/TN-383.txt,10,30
TN-384,RA4,Tamil Nadu,"THE DIVISIONAL ENGINEER HIGHWAYS, CONSTRUCTION & MAINTENANCE, KUMBAKONAM",HIGHWAYS AND MINOR PORTS DEPARTMENT,Sub Office,1eca7a06d7ea03bb,rti_tamil_nadu,rti_meta,plain,en,no,templates/plain.txt,applications/RA4/TN-384.txt,10,30
TN-385,RA4,Tamil Nadu,"THE DIVISIONAL ENGINEER HIGHWAYS, CONSTRUCTION & MAINTENANCE, NAGAPATTINAM",HIGHWAYS AND MINOR PORTS DEPARTMENT,Sub Office,3938da292c41b543,rti_tamil_nadu,rti_meta,plain,en,no,templates/plain.txt,applications/RA4/TN-385.txt,10,30
TN-386,RA2,Tamil Nadu,"THE DIVISIONAL ENGINEER HIGHWAYS, CONSTRUCTION & MAINTENANCE, TIRUPUR",HIGHWAYS AND MINOR PORTS DEPARTMENT,Sub Office,1032ea7fa5ed2b28,rti_tamil_nadu,rti_meta,plain,en,no,templates/plain.txt,applications/RA2/TN-386.txt,10,30
TN-387,RA2,Tamil Nadu,"THE DIVISIONAL ENGINEER, (HIGHWAYS) C&M PERAMBALUR",HIGHWAYS AND MINOR PORTS DEPARTMENT,Sub Office,3b526568cff9f69a,rti_tamil_nadu,rti_meta,plain,en,no,templates/plain.txt,applications/RA2/TN-387.txt,10,30
TN-388,RA3,Tamil Nadu,"THE DIVISIONAL ENGINEER, HIGHWAYS, CONSTRUCTION AND MAINTENANCE, CUDDALORE",HIGHWAYS AND MINOR PORTS DEPARTMENT,Sub Office,eca0eca1b58f656a,rti_tamil_nadu,rti_meta,plain,en,no,templates/plain.txt,applications/RA3/TN-388.txt,10,30
TN-389,RA1,Tamil Nadu,"THE DIVISIONAL ENGINEER,HIGHWAYS, CONSTRUCTION AND MAINTENANCE,KANNIYA KUMARI",HIGHWAYS AND MINOR PORTS DEPARTMENT,Sub Office,87bc9284521ff91b,rti_tamil_nadu,rti_meta,legal_salience,en,no,templates/legal_salience.txt,applications/RA1/TN-389.txt,10,30
TN-390,RA1,Tamil Nadu,"THE DIVISIONAL ENGINEER,HIGHWAYS, CONSTRUCTION AND MAINTENANCE,TIRUNELVELI",HIGHWAYS AND MINOR PORTS DEPARTMENT,Sub Office,ccc4d6e00f014714,rti_tamil_nadu,rti_meta,plain,en,no,templates/plain.txt,applications/RA1/TN-390.txt,10,30
TN-391,RA3,Tamil Nadu,THE DIVISIONAL ENIGNEER HIGHWAYS CONSTRUCTION & MAINTENANE THANJAVUR,HIGHWAYS AND MINOR PORTS DEPARTMENT,Sub Office,e154545d260dc678,rti_tamil_nadu,rti_meta,plain,en,no,templates/plain.txt,applications/RA3/TN-391.txt,10,30
TN-392,RA3,Tamil Nadu,HOME DEPARTMENT,HOME DEPARTMENT,Department,5f682cdd6be798bf,rti_tamil_nadu,rti_meta,plain,en,no,templates/plain.txt,applications/RA3/TN-392.txt,10,30
TN-393,RA1,Tamil Nadu,"DIRECTOR GENERAL OF POLICE, HEAD OF POLICE FORCE, CHENNAI",HOME DEPARTMENT,Head of Department,ae444e91458269b1,rti_tamil_nadu,rti_meta,legal_salience,en,no,templates/legal_salience.txt,applications/RA1/TN-393.txt,10,30
TN-394,RA1,Tamil Nadu,"DIRECTOR GENERAL OF PRISONS AND CORRECTIONAL SERVICES, EGMORE, CHENNAI",HOME DEPARTMENT,Head of Department,0fcf99ab1cc94620,rti_tamil_nadu,rti_meta,plain,en,no,templates/plain.txt,applications/RA1/TN-394.txt,10,30
TN-395,RA2,Tamil Nadu,"DIRECTORATE OF FIRE SERVICE, CHENNAI",HOME DEPARTMENT,Head of Department,fe874866b0be27c0,rti_tamil_nadu,rti_meta,plain,en,no,templates/plain.txt,applications/RA2/TN-395.txt,10,30
TN-396,RA4,Tamil Nadu,TAMIL NADU UNIFORMED SERVICES RECRUITMENT BOARD,HOME DEPARTMENT,Head of Department,df688d1273278964,rti_tamil_nadu,rti_meta,plain,en,no,templates/plain.txt,applications/RA4/TN-396.txt,10,30
TN-397,RA3,Tamil Nadu,"DEPUTY DIRECTOR OF PROSECUTION, SALEM",HOME DEPARTMENT,Sub Office,6e8478bd060f20c0,rti_tamil_nadu,rti_meta,legal_salience,en,no,templates/legal_salience.txt,applications/RA3/TN-397.txt,10,30
TN-398,RA3,Tamil Nadu,"DEPUTY DIRECTOR, REGIONAL FORENSIC SCIENCE LABORATORY, RAMANATHAPURAM",HOME DEPARTMENT,Sub Office,7d5ff1ebe25bdae2,rti_tamil_nadu,rti_meta,plain,en,no,templates/plain.txt,applications/RA3/TN-398.txt,10,30
TN-399,RA3,Tamil Nadu,"SUPERINTENDENT OF PRISONS,CENTRAL PRISON, MADURAI",HOME DEPARTMENT,Sub Office,b5ac3a479f6dd67c,rti_tamil_nadu,rti_meta,plain,en,no,templates/plain.txt,applications/RA3/TN-399.txt,10,30
TN-400,RA2,Tamil Nadu,"TAMIL NADU POLICE HOUSING CORPORATION LIMITED,TIRUNELVELI DIVISION",HOME DEPARTMENT,Sub Office,d254aa54424fd41c,rti_tamil_nadu,rti_meta,plain,en,no,templates/plain.txt,applications/RA2/TN-400.txt,10,30
TN-401,RA2,Tamil Nadu,"ASSISTANT DIRECTOR OF PROSECUTION, THIRUVANNAMALAI",HOME DEPARTMENT,Sub Office,014c99ab2ae79405,rti_tamil_nadu,rti_meta,legal_salience,en,no,templates/legal_salience.txt,applications/RA2/TN-401.txt,10,30
TN-402,RA4,Tamil Nadu,"DEPUTY COMMISSIONER OF POLICE, ARMED RESERVE, AVADI",HOME DEPARTMENT,Sub Office,8787cbfe5bd81241,rti_tamil_nadu,rti_meta,plain,en,no,templates/plain.txt,applications/RA4/TN-402.txt,10,30
TN-403,RA2,Tamil Nadu,"FIRE AND RESCUE SERVICE, DISTRICT OFFICE, KARUR",HOME DEPARTMENT,Sub Office,467517a643978729,rti_tamil_nadu,rti_meta,legal_salience,en,no,templates/legal_salience.txt,applications/RA2/TN-403.txt,10,30
TN-404,RA2,Tamil Nadu,"FIRE AND RESCUE SERVICE, DISTRICT OFFICE,NAMAKKAL",HOME DEPARTMENT,Sub Office,0237f3f957ee93ad,rti_tamil_nadu,rti_meta,plain,en,no,templates/plain.txt,applications/RA2/TN-404.txt,10,30
TN-405,RA3,Tamil Nadu,MOTOR VEHICLE INSPECTOR (NT) SERKADU CHECKPOST,HOME DEPARTMENT,Sub Office,132e947f27f95d78,rti_tamil_nadu,rti_meta,plain,en,no,templates/plain.txt,applications/RA3/TN-405.txt,10,30
TN-406,RA3,Tamil Nadu,"MOTOR VEHICLE INSPECTOR, RASIPURAM",HOME DEPARTMENT,Sub Office,905b75aa1d34f1e0,rti_tamil_nadu,rti_meta,plain,en,no,templates/plain.txt,applications/RA3/TN-406.txt,10,30
TN-407,RA2,Tamil Nadu,"MOTOR VEHICLE INSPECTOR, UNIT OFFICE ,MUNIYANDIPATTI, SURAKUNDU POST, MELUR",HOME DEPARTMENT,Sub Office,370ac4cf5405022f,rti_tamil_nadu,rti_meta,plain,en,no,templates/plain.txt,applications/RA2/TN-407.txt,10,30
TN-408,RA4,Tamil Nadu,"OFFICE OF THE DIG OF POLICE, TRICHY RANGE",HOME DEPARTMENT,Sub Office,65c39751846d56a4,rti_tamil_nadu,rti_meta,plain,en,no,templates/plain.txt,applications/RA4/TN-408.txt,10,30
TN-409,RA4,Tamil Nadu,"REGIONAL PROBATION OFFICER, CHENGALPATTU, PRISON DEPARTMENT",HOME DEPARTMENT,Sub Office,aed5695bcb633c59,rti_tamil_nadu,rti_meta,plain,en,no,templates/plain.txt,applications/RA4/TN-409.txt,10,30
TN-410,RA1,Tamil Nadu,"REGIONAL PROBATION OFFICER, SALEM REGION,PRISON DEPARTMENT",HOME DEPARTMENT,Sub Office,db56dc671a41acb8,rti_tamil_nadu,rti_meta,plain,en,no,templates/plain.txt,applications/RA1/TN-410.txt,10,30
TN-411,RA1,Tamil Nadu,"REGIONAL TRANSPORT OFFICE, ARANI",HOME DEPARTMENT,Sub Office,75ee3ef942c4da37,rti_tamil_nadu,rti_meta,plain,en,no,templates/plain.txt,applications/RA1/TN-411.txt,10,30
TN-412,RA1,Tamil Nadu,"REGIONAL TRANSPORT OFFICE, CHENNAI(NORTH EAST)",HOME DEPARTMENT,Sub Office,7e1167a3a87bb43c,rti_tamil_nadu,rti_meta,legal_salience,en,no,templates/legal_salience.txt,applications/RA1/TN-412.txt,10,30
TN-413,RA4,Tamil Nadu,"REGIONAL TRANSPORT OFFICE, SALEM (WEST)",HOME DEPARTMENT,Sub Office,11b3467a6b2626f4,rti_tamil_nadu,rti_meta,legal_salience,en,no,templates/legal_salience.txt,applications/RA4/TN-413.txt,10,30
TN-414,RA4,Tamil Nadu,"REGIONAL TRANSPORT OFFICE, THOOTHUKUDI",HOME DEPARTMENT,Sub Office,0a127fe152b4a96f,rti_tamil_nadu,rti_meta,plain,en,no,templates/plain.txt,applications/RA4/TN-414.txt,10,30
TN-415,RA1,Tamil Nadu,"REGIONAL TRANSPORT OFFICE, VANIYAMBADI",HOME DEPARTMENT,Sub Office,21d9f8bddae365a0,rti_tamil_nadu,rti_meta,plain,en,no,templates/plain.txt,applications/RA1/TN-415.txt,10,30
TN-416,RA3,Tamil Nadu,"REGIONAL TRANSPORT OFFICE, VIRUDHUNAGAR",HOME DEPARTMENT,Sub Office,316dce48b5125d97,rti_tamil_nadu,rti_meta,legal_salience,en,no,templates/legal_salience.txt,applications/RA3/TN-416.txt,10,30
TN-417,RA2,Tamil Nadu,"REGIONAL TRANSPORT OFFICE,SHOLINGANALLUR",HOME DEPARTMENT,Sub Office,96bd4114b5888965,rti_tamil_nadu,rti_meta,plain,en,no,templates/plain.txt,applications/RA2/TN-417.txt,10,30
TN-418,RA4,Tamil Nadu,REGIONAL TRANSPORT OFFICE- NAGERCOIL,HOME DEPARTMENT,Sub Office,9e42d4ee1ec92039,rti_tamil_nadu,rti_meta,legal_salience,en,no,templates/legal_salience.txt,applications/RA4/TN-418.txt,10,30
TN-419,RA1,Tamil Nadu,"DEPUTY COMMISSIONER OF POLICE, KOLATHUR, CHENNAI",HOME DEPARTMENT,Sub Office,503721dfb132ed69,rti_tamil_nadu,rti_meta,plain,en,no,templates/plain.txt,applications/RA1/TN-419.txt,10,30
TN-420,RA3,Tamil Nadu,HOUSING AND URBAN DEVELOPMENT DEPARTMENT,HOUSING AND URBAN DEVELOPMENT DEPARTMENT,Department,43280f3967f92857,rti_tamil_nadu,rti_meta,plain,en,no,templates/plain.txt,applications/RA3/TN-420.txt,10,30
TN-421,RA2,Tamil Nadu,CHENNAI METROPOLITAN DEVELOPMENT AUTHORITY,HOUSING AND URBAN DEVELOPMENT DEPARTMENT,Head of Department,4ee62d75e0da51e2,rti_tamil_nadu,rti_meta,plain,en,no,templates/plain.txt,applications/RA2/TN-421.txt,10,30
TN-422,RA1,Tamil Nadu,CHENNAI UNIFIED METROPOLITAN TRANSPORT AUTHORITY (CUMTA),HOUSING AND URBAN DEVELOPMENT DEPARTMENT,Head of Department,96f9488e5698b915,rti_tamil_nadu,rti_meta,plain,en,no,templates/plain.txt,applications/RA1/TN-422.txt,10,30
TN-423,RA4,Tamil Nadu,"TAMIL NADU REAL ESTATE REGULATORY AUTHORITY, CHENNAI",HOUSING AND URBAN DEVELOPMENT DEPARTMENT,Head of Department,66dd778a671ee78f,rti_tamil_nadu,rti_meta,plain,en,no,templates/plain.txt,applications/RA4/TN-423.txt,10,30
TN-424,RA1,Tamil Nadu,"TAMILNADU URBAN HABITAT DEVELOPMENT BOARD, CHENNAI",HOUSING AND URBAN DEVELOPMENT DEPARTMENT,Head of Department,705e26d06ed0a919,rti_tamil_nadu,rti_meta,legal_salience,en,no,templates/legal_salience.txt,applications/RA1/TN-424.txt,10,30
TN-425,RA1,Tamil Nadu,"DISTRICT TOWN AND COUNTRY PLANNING, CUDDALORE",HOUSING AND URBAN DEVELOPMENT DEPARTMENT,Sub Office,efc5c6ff924af892,rti_tamil_nadu,rti_meta,plain,en,no,templates/plain.txt,applications/RA1/TN-425.txt,10,30
TN-426,RA4,Tamil Nadu,"DISTRICT TOWN AND COUNTRY PLANNING, ERODE",HOUSING AND URBAN DEVELOPMENT DEPARTMENT,Sub Office,82c6e5229603df9a,rti_tamil_nadu,rti_meta,plain,en,no,templates/plain.txt,applications/RA4/TN-426.txt,10,30
TN-427,RA3,Tamil Nadu,"DISTRICT TOWN AND COUNTRY PLANNING, NAGAPATTINAM",HOUSING AND URBAN DEVELOPMENT DEPARTMENT,Sub Office,ba11c1570bae5f9a,rti_tamil_nadu,rti_meta,legal_salience,en,no,templates/legal_salience.txt,applications/RA3/TN-427.txt,10,30
TN-428,RA3,Tamil Nadu,"DISTRICT TOWN AND COUNTRY PLANNING, NAMAKKAL",HOUSING AND URBAN DEVELOPMENT DEPARTMENT,Sub Office,97f579c71bba2719,rti_tamil_nadu,rti_meta,plain,en,no,templates/plain.txt,applications/RA3/TN-428.txt,10,30
TN-429,RA1,Tamil Nadu,"DISTRICT TOWN AND COUNTRY PLANNING, NILGIRIS",HOUSING AND URBAN DEVELOPMENT DEPARTMENT,Sub Office,569654c95119da7d,rti_tamil_nadu,rti_meta,legal_salience,en,no,templates/legal_salience.txt,applications/RA1/TN-429.txt,10,30
TN-430,RA2,Tamil Nadu,"DISTRICT TOWN AND COUNTRY PLANNING, RANIPET",HOUSING AND URBAN DEVELOPMENT DEPARTMENT,Sub Office,c4aaf33767147a06,rti_tamil_nadu,rti_meta,legal_salience,en,no,templates/legal_salience.txt,applications/RA2/TN-430.txt,10,30
TN-431,RA1,Tamil Nadu,"DISTRICT TOWN AND COUNTRY PLANNING, TENKASI",HOUSING AND URBAN DEVELOPMENT DEPARTMENT,Sub Office,26f6336fede4ae05,rti_tamil_nadu,rti_meta,plain,en,no,templates/plain.txt,applications/RA1/TN-431.txt,10,30
TN-432,RA3,Tamil Nadu,"DISTRICT TOWN AND COUNTRY PLANNING, TIRUPATHUR",HOUSING AND URBAN DEVELOPMENT DEPARTMENT,Sub Office,b31e2ccc1c80b52a,rti_tamil_nadu,rti_meta,plain,en,no,templates/plain.txt,applications/RA3/TN-432.txt,10,30
TN-433,RA2,Tamil Nadu,"TAMIL NADU HOUSING BOARD, CIT NAGAR DIVISION NANDANAM, CHENNAI",HOUSING AND URBAN DEVELOPMENT DEPARTMENT,Sub Office,486c71485dc385c2,rti_tamil_nadu,rti_meta,legal_salience,en,no,templates/legal_salience.txt,applications/RA2/TN-433.txt,10,30
TN-434,RA1,Tamil Nadu,"TAMIL NADU HOUSING BOARD, MAINTENANCE DIVISION, NANDANAM, CHENNAI",HOUSING AND URBAN DEVELOPMENT DEPARTMENT,Sub Office,892f56a4e801c9e8,rti_tamil_nadu,rti_meta,plain,en,no,templates/plain.txt,applications/RA1/TN-434.txt,10,30
TN-435,RA4,Tamil Nadu,"TAMIL NADU HOUSING BOARD, VELLORE HOUSING UNIT, VELLORE",HOUSING AND URBAN DEVELOPMENT DEPARTMENT,Sub Office,37ef8c840db855ce,rti_tamil_nadu,rti_meta,legal_salience,en,no,templates/legal_salience.txt,applications/RA4/TN-435.txt,10,30
TN-436,RA2,Tamil Nadu,"TAMIL NADU HOUSING BOARD,RAMANATHAPURAM HOUSING UNIT, RAMANATHAPURAM",HOUSING AND URBAN DEVELOPMENT DEPARTMENT,Sub Office,159f2f77376ecf52,rti_tamil_nadu,rti_meta,plain,en,no,templates/plain.txt,applications/RA2/TN-436.txt,10,30
TN-437,RA4,Tamil Nadu,"TAMILNADU URBAN HABITAT DEVELOPMENT BOARD, DIVISION-V,MYLAPORE",HOUSING AND URBAN DEVELOPMENT DEPARTMENT,Sub Office,ef885707e5d1f524,rti_tamil_nadu,rti_meta,plain,en,no,templates/plain.txt,applications/RA4/TN-437.txt,10,30
TN-438,RA3,Tamil Nadu,"TAMILNADU URBAN HABITAT DEVELOPMENT BOARD, DIVISION-VII,T.NAGAR",HOUSING AND URBAN DEVELOPMENT DEPARTMENT,Sub Office,ef5f7f27430ddf9c,rti_tamil_nadu,rti_meta,plain,en,no,templates/plain.txt,applications/RA3/TN-438.txt,10,30
TN-439,RA4,Tamil Nadu,"TAMILNADU URBAN HABITAT DEVELOPMENT BOARD, KANCHIPURAM DIVISION",HOUSING AND URBAN DEVELOPMENT DEPARTMENT,Sub Office,6fbd33915d1b14b2,rti_tamil_nadu,rti_meta,plain,en,no,templates/plain.txt,applications/RA4/TN-439.txt,10,30
TN-440,RA2,Tamil Nadu,"TAMILNADU URBAN HABITAT DEVELOPMENT BOARD, PMU IMPLEMENTING DIVISION-II NAMAKKAL",HOUSING AND URBAN DEVELOPMENT DEPARTMENT,Sub Office,fd17a2b7608d5e9d,rti_tamil_nadu,rti_meta,plain,en,no,templates/plain.txt,applications/RA2/TN-440.txt,10,30
TN-441,RA2,Tamil Nadu,"TAMILNADU URBAN HABITAT DEVELOPMENT BOARD, SALEM DIVISION",HOUSING AND URBAN DEVELOPMENT DEPARTMENT,Sub Office,c7a0e2427b0c9e03,rti_tamil_nadu,rti_meta,plain,en,no,templates/plain.txt,applications/RA2/TN-441.txt,10,30
TN-442,RA3,Tamil Nadu,"TAMILNADU URBAN HABITAT DEVELOPMENT BOARD, THIRUVALLUR DIVISION",HOUSING AND URBAN DEVELOPMENT DEPARTMENT,Sub Office,5b22073d88103f26,rti_tamil_nadu,rti_meta,legal_salience,en,no,templates/legal_salience.txt,applications/RA3/TN-442.txt,10,30
TN-443,RA3,Tamil Nadu,"TAMILNADU URBAN HABITAT DEVELOPMENT BOARD,ESTATE OFFICE -IX, CHEMMANCHERY",HOUSING AND URBAN DEVELOPMENT DEPARTMENT,Sub Office,a8cd7ef2b34781da,rti_tamil_nadu,rti_meta,plain,en,no,templates/plain.txt,applications/RA3/TN-443.txt,10,30
TN-444,RA4,Tamil Nadu,"TAMILNADU URBAN HABITAT DEVELOPMENT BOARD,ESTATE OFFICE -VIII, KANNAGINAGAR",HOUSING AND URBAN DEVELOPMENT DEPARTMENT,Sub Office,17ed4f9b52cb6b43,rti_tamil_nadu,rti_meta,plain,en,no,templates/plain.txt,applications/RA4/TN-444.txt,10,30
TN-445,RA1,Tamil Nadu,HUMAN RESOURCES MANAGEMENT DEPARTMENT,HUMAN RESOURCES MANAGEMENT DEPARTMENT,Department,fa0cdbbe66fcdc7b,rti_tamil_nadu,rti_meta,plain,en,no,templates/plain.txt,applications/RA1/TN-445.txt,10,30
TN-446,RA4,Tamil Nadu,DIRECTOR GENERAL OF TRAINING,HUMAN RESOURCES MANAGEMENT DEPARTMENT,Head of Department,2e13e97e160e08e9,rti_tamil_nadu,rti_meta,legal_salience,en,no,templates/legal_salience.txt,applications/RA4/TN-446.txt,10,30
TN-447,RA4,Tamil Nadu,"DISTRICT INSPECTION CELL OFFICE, SALEM",HUMAN RESOURCES MANAGEMENT DEPARTMENT,Head of Department,6fdab4636f2dc21f,rti_tamil_nadu,rti_meta,plain,en,no,templates/plain.txt,applications/RA4/TN-447.txt,10,30
TN-448,RA3,Tamil Nadu,"DISTRICT INSPECTION CELL OFFICE, VELLORE",HUMAN RESOURCES MANAGEMENT DEPARTMENT,Head of Department,a6a921f8e49027fb,rti_tamil_nadu,rti_meta,plain,en,no,templates/plain.txt,applications/RA3/TN-448.txt,10,30
TN-449,RA2,Tamil Nadu,"DISTRICT INSPECTION CELL OFFICER, TIRUCHIRAPPALLI",HUMAN RESOURCES MANAGEMENT DEPARTMENT,Head of Department,acf749c142589b0d,rti_tamil_nadu,rti_meta,plain,en,no,templates/plain.txt,applications/RA2/TN-449.txt,10,30
TN-450,RA3,Tamil Nadu,"A & B FOUNDATIONAL COURSE TRAINING INSTITUTE, CHENNAI",HUMAN RESOURCES MANAGEMENT DEPARTMENT,Sub Office,23f1e872168781c5,rti_tamil_nadu,rti_meta,plain,en,no,templates/plain.txt,applications/RA3/TN-450.txt,10,30
TN-451,RA2,Tamil Nadu,"ALL INDIA CIVIL SERVICES COACHING CENTRE, CHENNAI",HUMAN RESOURCES MANAGEMENT DEPARTMENT,Sub Office,0ca959fccfea4c9b,rti_tamil_nadu,rti_meta,plain,en,no,templates/plain.txt,applications/RA2/TN-451.txt,10,30
TN-452,RA4,Tamil Nadu,"CIVIL SERICE TRAINING INSTITUTE, ERODE",HUMAN RESOURCES MANAGEMENT DEPARTMENT,Sub Office,6aeae6c9665b511f,rti_tamil_nadu,rti_meta,plain,en,no,templates/plain.txt,applications/RA4/TN-452.txt,10,30
TN-453,RA1,Tamil Nadu,"COMPETITIVE EXAMINATIONS COACHING CENTRE, TONDIARPET",HUMAN RESOURCES MANAGEMENT DEPARTMENT,Sub Office,764d58ef0ab8dc77,rti_tamil_nadu,rti_meta,legal_salience,en,no,templates/legal_salience.txt,applications/RA1/TN-453.txt,10,30
TN-454,RA1,Tamil Nadu,"COMPETITIVE EXAMINATIONS COACHING CENTRE, TRIPLICANE",HUMAN RESOURCES MANAGEMENT DEPARTMENT,Sub Office,d6bf065ca0a9a25e,rti_tamil_nadu,rti_meta,plain,en,no,templates/plain.txt,applications/RA1/TN-454.txt,10,30
TN-455,RA2,Tamil Nadu,KALAIGNAR CENTENARY INTEGRATED COMPETITIVE EXAMINATIONS COACHING CENTR,HUMAN RESOURCES MANAGEMENT DEPARTMENT,Sub Office,78a9eccfa4a51824,rti_tamil_nadu,rti_meta,legal_salience,en,no,templates/legal_salience.txt,applications/RA2/TN-455.txt,10,30
TN-456,RA1,Tamil Nadu,INDUSTRIES DEPARTMENT,INDUSTRIES DEPARTMENT,Department,e231b18ed14e4e15,rti_tamil_nadu,rti_meta,plain,en,no,templates/plain.txt,applications/RA1/TN-456.txt,10,30
TN-457,RA2,Tamil Nadu,GUIDANCE,INDUSTRIES DEPARTMENT,Head of Department,2de864806ee143ab,rti_tamil_nadu,rti_meta,plain,en,no,templates/plain.txt,applications/RA2/TN-457.txt,10,30
TN-458,RA3,Tamil Nadu,TAMIL NADU CEMENTS CORPORATION LIMITED,INDUSTRIES DEPARTMENT,Head of Department,ba262b91374a0366,rti_tamil_nadu,rti_meta,plain,en,no,templates/plain.txt,applications/RA3/TN-458.txt,10,30
TN-459,RA3,Tamil Nadu,TAMILNADU INDUSTRIAL DEVELOPMENT CORPORATION LIMITED (TIDCO),INDUSTRIES DEPARTMENT,Head of Department,e450843e6d966150,rti_tamil_nadu,rti_meta,legal_salience,en,no,templates/legal_salience.txt,applications/RA3/TN-459.txt,10,30
TN-460,RA4,Tamil Nadu,THE TAMIL NADU INDUSTRIAL INVESTMENT CORPORATION LIMITED (TIIC),INDUSTRIES DEPARTMENT,Head of Department,4165d6d8a424ed2d,rti_tamil_nadu,rti_meta,plain,en,no,templates/plain.txt,applications/RA4/TN-460.txt,10,30
TN-461,RA1,Tamil Nadu,MARIYUR VALINOKKAM SALT COMPLEX,INDUSTRIES DEPARTMENT,Sub Office,743c711ebb8725f4,rti_tamil_nadu,rti_meta,plain,en,no,templates/plain.txt,applications/RA1/TN-461.txt,10,30
TN-462,RA4,Tamil Nadu,TAMIL NADU CEMENTS CORPORATION LIMITED - ARIYALUR,INDUSTRIES DEPARTMENT,Sub Office,a1bf2ab8e33c8b47,rti_tamil_nadu,rti_meta,legal_salience,en,no,templates/legal_salience.txt,applications/RA4/TN-462.txt,10,30
TN-463,RA2,Tamil Nadu,TAMIL NADU CEMENTS CORPORATION LIMITED - VIRUDHUNAGAR,INDUSTRIES DEPARTMENT,Sub Office,2c57ee1ea2fc75cd,rti_tamil_nadu,rti_meta,plain,en,no,templates/plain.txt,applications/RA2/TN-463.txt,10,30
TN-464,RA3,Tamil Nadu,INFORMATION TECHNOLOGY AND DIGITAL SERVICES DEPARTMENT,INFORMATION TECHNOLOGY AND DIGITAL SERVICES DEPARTMENT,Department,a58f14b525a51891,rti_tamil_nadu,rti_meta,plain,en,no,templates/plain.txt,applications/RA3/TN-464.txt,10,30
TN-465,RA2,Tamil Nadu,DIRECTORATE OF E-GOVERNANCE / TAMIL NADU E-GOVERNANCE CORPORATION,INFORMATION TECHNOLOGY AND DIGITAL SERVICES DEPARTMENT,Head of Department,84b07b2e77a1a7bf,rti_tamil_nadu,rti_meta,plain,en,no,templates/plain.txt,applications/RA2/TN-465.txt,10,30
TN-466,RA1,Tamil Nadu,ELECTRONICS CORPORATION OF TAMIL NADU,INFORMATION TECHNOLOGY AND DIGITAL SERVICES DEPARTMENT,Head of Department,e143108f71332a8d,rti_tamil_nadu,rti_meta,plain,en,no,templates/plain.txt,applications/RA1/TN-466.txt,10,30
TN-467,RA4,Tamil Nadu,TAMIL NADU ARASU CABLE TV CORPORATION LIMITED(TACTV),INFORMATION TECHNOLOGY AND DIGITAL SERVICES DEPARTMENT,Head of Department,f050c17fdda440cf,rti_tamil_nadu,rti_meta,plain,en,no,templates/plain.txt,applications/RA4/TN-467.txt,10,30
TN-468,RA1,Tamil Nadu,"TAMIL VIRTUAL ACADEMY, CHENNAI",INFORMATION TECHNOLOGY AND DIGITAL SERVICES DEPARTMENT,Head of Department,061d4293efff1b4e,rti_tamil_nadu,rti_meta,legal_salience,en,no,templates/legal_salience.txt,applications/RA1/TN-468.txt,10,30
TN-469,RA1,Tamil Nadu,"TAMIL NADU ARASU CABLE TV CORPORATION LIMITED , DHARMAPURI",INFORMATION TECHNOLOGY AND DIGITAL SERVICES DEPARTMENT,Sub Office,64e7783cd3f9e6eb,rti_tamil_nadu,rti_meta,plain,en,no,templates/plain.txt,applications/RA1/TN-469.txt,10,30
TN-470,RA2,Tamil Nadu,"TAMIL NADU ARASU CABLE TV CORPORATION LIMITED , KRISHNAGIRI",INFORMATION TECHNOLOGY AND DIGITAL SERVICES DEPARTMENT,Sub Office,25ddc5896189b942,rti_tamil_nadu,rti_meta,plain,en,no,templates/plain.txt,applications/RA2/TN-470.txt,10,30
TN-471,RA3,Tamil Nadu,"TAMIL NADU ARASU CABLE TV CORPORATION LIMITED , VELLOR",INFORMATION TECHNOLOGY AND DIGITAL SERVICES DEPARTMENT,Sub Office,d1aebfc9df5442d0,rti_tamil_nadu,rti_meta,plain,en,no,templates/plain.txt,applications/RA3/TN-471.txt,10,30
TN-472,RA1,Tamil Nadu,"TAMIL NADU ARASU CABLE TV CORPORATION LIMITED , VILLUPURAM",INFORMATION TECHNOLOGY AND DIGITAL SERVICES DEPARTMENT,Sub Office,ff8ee1fb1e5dedb5,rti_tamil_nadu,rti_meta,plain,en,no,templates/plain.txt,applications/RA1/TN-472.txt,10,30
TN-473,RA4,Tamil Nadu,TAMIL NADU ARASU CABLE TV CORPORATION LIMITED PUDUKOTTAI,INFORMATION TECHNOLOGY AND DIGITAL SERVICES DEPARTMENT,Sub Office,a6de616f2169fbd7,rti_tamil_nadu,rti_meta,plain,en,no,templates/plain.txt,applications/RA4/TN-473.txt,10,30
TN-474,RA3,Tamil Nadu,TAMIL NADU ARASU CABLE TV CORPORATION LIMITED RAMNAD,INFORMATION TECHNOLOGY AND DIGITAL SERVICES DEPARTMENT,Sub Office,351f9db7326bec03,rti_tamil_nadu,rti_meta,plain,en,no,templates/plain.txt,applications/RA3/TN-474.txt,10,30
TN-475,RA2,Tamil Nadu,TAMIL NADU ARASU CABLE TV CORPORATION LIMITED T.V.MALAI,INFORMATION TECHNOLOGY AND DIGITAL SERVICES DEPARTMENT,Sub Office,be1b428e204c3066,rti_tamil_nadu,rti_meta,plain,en,no,templates/plain.txt,applications/RA2/TN-475.txt,10,30
TN-476,RA1,Tamil Nadu,TAMIL NADU ARASU CABLE TV CORPORATION LIMITED THOOTHUKUDI,INFORMATION TECHNOLOGY AND DIGITAL SERVICES DEPARTMENT,Sub Office,05441924484b792e,rti_tamil_nadu,rti_meta,legal_salience,en,no,templates/legal_salience.txt,applications/RA1/TN-476.txt,10,30
TN-477,RA4,Tamil Nadu,TAMIL NADU ARASU CABLE TV CORPORATION LIMITED TIRUPPUR,INFORMATION TECHNOLOGY AND DIGITAL SERVICES DEPARTMENT,Sub Office,7f285bfb8305d7ee,rti_tamil_nadu,rti_meta,plain,en,no,templates/plain.txt,applications/RA4/TN-477.txt,10,30
TN-478,RA4,Tamil Nadu,TAMIL NADU ARASU CABLE TV CORPORATION LIMITED TIRUVALLUR,INFORMATION TECHNOLOGY AND DIGITAL SERVICES DEPARTMENT,Sub Office,b0f0d96f38515860,rti_tamil_nadu,rti_meta,plain,en,no,templates/plain.txt,applications/RA4/TN-478.txt,10,30
TN-479,RA1,Tamil Nadu,TAMIL NADU ARASU CABLE TV CORPORATION LIMITED TIRUVARUR,INFORMATION TECHNOLOGY AND DIGITAL SERVICES DEPARTMENT,Sub Office,6b4192f7398e5101,rti_tamil_nadu,rti_meta,plain,en,no,templates/plain.txt,applications/RA1/TN-479.txt,10,30
TN-480,RA3,Tamil Nadu,TAMIL NADU ARASU CABLE TV CORPORATION LIMITED TRICHY EAST TALUK,INFORMATION TECHNOLOGY AND DIGITAL SERVICES DEPARTMENT,Sub Office,85fea1829932cc4d,rti_tamil_nadu,rti_meta,legal_salience,en,no,templates/legal_salience.txt,applications/RA3/TN-480.txt,10,30
TN-481,RA2,Tamil Nadu,TAMIL NADU ARASU CABLE TV CORPORATION LIMITED UDHAGAMANDALAM TALUK,INFORMATION TECHNOLOGY AND DIGITAL SERVICES DEPARTMENT,Sub Office,6f7f702fa2feaac1,rti_tamil_nadu,rti_meta,legal_salience,en,no,templates/legal_salience.txt,applications/RA2/TN-481.txt,10,30
TN-482,RA2,Tamil Nadu,"TAMIL NADU ARASU CABLE TV CORPORATION LIMITED, DINDIGUL",INFORMATION TECHNOLOGY AND DIGITAL SERVICES DEPARTMENT,Sub Office,92a54be673447101,rti_tamil_nadu,rti_meta,legal_salience,en,no,templates/legal_salience.txt,applications/RA2/TN-482.txt,10,30
TN-483,RA2,Tamil Nadu,"TAMIL NADU ARASU CABLE TV CORPORATION LIMITED, EGMORE",INFORMATION TECHNOLOGY AND DIGITAL SERVICES DEPARTMENT,Sub Office,f48af21f60d8615a,rti_tamil_nadu,rti_meta,plain,en,no,templates/plain.txt,applications/RA2/TN-483.txt,10,30
TN-484,RA3,Tamil Nadu,"TAMIL NADU ARASU CABLE TV CORPORATION LIMITED, ERODE",INFORMATION TECHNOLOGY AND DIGITAL SERVICES DEPARTMENT,Sub Office,50ac3587a84bb2ab,rti_tamil_nadu,rti_meta,legal_salience,en,no,templates/legal_salience.txt,applications/RA3/TN-484.txt,10,30
TN-485,RA4,Tamil Nadu,"TAMIL NADU ARASU CABLE TV CORPORATION LIMITED, KARUR",INFORMATION TECHNOLOGY AND DIGITAL SERVICES DEPARTMENT,Sub Office,1c156cd0db9bf90e,rti_tamil_nadu,rti_meta,legal_salience,en,no,templates/legal_salience.txt,applications/RA4/TN-485.txt,10,30
TN-486,RA4,Tamil Nadu,"TAMIL NADU ARASU CABLE TV CORPORATION LIMITED, MADURAI NORTH TALUK",INFORMATION TECHNOLOGY AND DIGITAL SERVICES DEPARTMENT,Sub Office,f27b0c6566305bf3,rti_tamil_nadu,rti_meta,plain,en,no,templates/plain.txt,applications/RA4/TN-486.txt,10,30
TN-487,RA3,Tamil Nadu,"TAMIL NADU ARASU CABLE TV CORPORATION LIMITED,AGATHEESWARAM",INFORMATION TECHNOLOGY AND DIGITAL SERVICES DEPARTMENT,Sub Office,ad523202484fe2ce,rti_tamil_nadu,rti_meta,plain,en,no,templates/plain.txt,applications/RA3/TN-487.txt,10,30
TN-488,RA3,Tamil Nadu,TAMILNADU ARASU CABLE TV CORP LTD CUDDALORE,INFORMATION TECHNOLOGY AND DIGITAL SERVICES DEPARTMENT,Sub Office,9733e3992b69ca89,rti_tamil_nadu,rti_meta,plain,en,no,templates/plain.txt,applications/RA3/TN-488.txt,10,30
TN-489,RA1,Tamil Nadu,LABOUR WELFARE AND SKILL DEVELOPMENT DEPARTMENT,LABOUR WELFARE AND SKILL DEVELOPMENT DEPARTMENT,Department,eb7d9fe3ce262756,rti_tamil_nadu,rti_meta,plain,en,no,templates/plain.txt,applications/RA1/TN-489.txt,10,30
TN-490,RA4,Tamil Nadu,"ASSISTANT COMMISSIONER OF LABOUR(C)-3,CHENNAI.",LABOUR WELFARE AND SKILL DEVELOPMENT DEPARTMENT,Head of Department,deb6ca1efcd9276e,rti_tamil_nadu,rti_meta,plain,en,no,templates/plain.txt,applications/RA4/TN-490.txt,10,30
TN-491,RA3,Tamil Nadu,"DIRECTORATE OF EMPLOYMENT AND TRAINING (EMPLOYMENT WING),CHENNAI",LABOUR WELFARE AND SKILL DEVELOPMENT DEPARTMENT,Head of Department,05e9d469171c444a,rti_tamil_nadu,rti_meta,plain,en,no,templates/plain.txt,applications/RA3/TN-491.txt,10,30
TN-492,RA2,Tamil Nadu,"DIRECTORATE OF EMPLOYMENT AND TRAINING (TRAINING WING), CHENNAI",LABOUR WELFARE AND SKILL DEVELOPMENT DEPARTMENT,Head of Department,2b12fbc7bac0e223,rti_tamil_nadu,rti_meta,plain,en,no,templates/plain.txt,applications/RA2/TN-492.txt,10,30
TN-493,RA4,Tamil Nadu,DIRECTORATE OF INDUSTRIAL SAFETY AND HEALTH (DISH) CHENNAI,LABOUR WELFARE AND SKILL DEVELOPMENT DEPARTMENT,Head of Department,a1b1db8df08e7fb6,rti_tamil_nadu,rti_meta,legal_salience,en,no,templates/legal_salience.txt,applications/RA4/TN-493.txt,10,30
TN-494,RA4,Tamil Nadu,"ESI HOSPITAL, TRICHY",LABOUR WELFARE AND SKILL DEVELOPMENT DEPARTMENT,Sub Office,629733c071c9d8bf,rti_tamil_nadu,rti_meta,legal_salience,en,no,templates/legal_salience.txt,applications/RA4/TN-494.txt,10,30
TN-495,RA2,Tamil Nadu,"REGIONAL JOINT DIRECTOR(EMPLOYMENT), CHENNAI",LABOUR WELFARE AND SKILL DEVELOPMENT DEPARTMENT,Sub Office,578a94846f37da0b,rti_tamil_nadu,rti_meta,legal_salience,en,no,templates/legal_salience.txt,applications/RA2/TN-495.txt,10,30
TN-496,RA4,Tamil Nadu,"DISTRICT EMPLOYMENT AND CAREER GUIDANCE CENTRE, NAMAKKAL",LABOUR WELFARE AND SKILL DEVELOPMENT DEPARTMENT,Sub Office,0b9e54b71d42adb1,rti_tamil_nadu,rti_meta,plain,en,no,templates/plain.txt,applications/RA4/TN-496.txt,10,30
TN-497,RA1,Tamil Nadu,"DISTRICT EMPLOYMENT AND CAREER GUIDANCE CENTRE, THENI",LABOUR WELFARE AND SKILL DEVELOPMENT DEPARTMENT,Sub Office,6db315a5dbd26c1f,rti_tamil_nadu,rti_meta,plain,en,no,templates/plain.txt,applications/RA1/TN-497.txt,10,30
TN-498,RA4,Tamil Nadu,"DISTRICT EMPLOYMENT AND CAREER GUIDANCE CENTRE, TRICHY",LABOUR WELFARE AND SKILL DEVELOPMENT DEPARTMENT,Sub Office,966262b9c2976a28,rti_tamil_nadu,rti_meta,plain,en,no,templates/plain.txt,applications/RA4/TN-498.txt,10,30
TN-499,RA1,Tamil Nadu,"DISTRICT SKILL TRAINING OFFICE, THOOTHUKUDI",LABOUR WELFARE AND SKILL DEVELOPMENT DEPARTMENT,Sub Office,013abaa49e905381,rti_tamil_nadu,rti_meta,plain,en,no,templates/plain.txt,applications/RA1/TN-499.txt,10,30
TN-500,RA2,Tamil Nadu,"GOVERNMENT I.T.I., ERAL",LABOUR WELFARE AND SKILL DEVELOPMENT DEPARTMENT,Sub Office,73ce1c3279492a40,rti_tamil_nadu,rti_meta,plain,en,no,templates/plain.txt,applications/RA2/TN-500.txt,10,30
TN-501,RA4,Tamil Nadu,"GOVERNMENT I.T.I., MANGALUR",LABOUR WELFARE AND SKILL DEVELOPMENT DEPARTMENT,Sub Office,3cb84100fa69abec,rti_tamil_nadu,rti_meta,plain,en,no,templates/plain.txt,applications/RA4/TN-501.txt,10,30
TN-502,RA4,Tamil Nadu,"GOVERNMENT I.T.I., ORAGADAM",LABOUR WELFARE AND SKILL DEVELOPMENT DEPARTMENT,Sub Office,2207c2b38c6545c5,rti_tamil_nadu,rti_meta,legal_salience,en,no,templates/legal_salience.txt,applications/RA4/TN-502.txt,10,30
TN-503,RA3,Tamil Nadu,"GOVERNMENT I.T.I., RK NAGAR",LABOUR WELFARE AND SKILL DEVELOPMENT DEPARTMENT,Sub Office,fd492fc165d9e613,rti_tamil_nadu,rti_meta,plain,en,no,templates/plain.txt,applications/RA3/TN-503.txt,10,30
TN-504,RA1,Tamil Nadu,"GOVERNMENT I.T.I., THIRUKKUVALAI",LABOUR WELFARE AND SKILL DEVELOPMENT DEPARTMENT,Sub Office,82813a062180ce6b,rti_tamil_nadu,rti_meta,plain,en,no,templates/plain.txt,applications/RA1/TN-504.txt,10,30
TN-505,RA3,Tamil Nadu,"GOVERNMENT I.T.I., TIRUVANNAMALAI",LABOUR WELFARE AND SKILL DEVELOPMENT DEPARTMENT,Sub Office,615db68fa62794c3,rti_tamil_nadu,rti_meta,plain,en,no,templates/plain.txt,applications/RA3/TN-505.txt,10,30
TN-506,RA2,Tamil Nadu,"GOVERNMENT I.T.I., ULUNDURPET",LABOUR WELFARE AND SKILL DEVELOPMENT DEPARTMENT,Sub Office,7c7a42d7098956ae,rti_tamil_nadu,rti_meta,plain,en,no,templates/plain.txt,applications/RA2/TN-506.txt,10,30
TN-507,RA3,Tamil Nadu,"ASSISTANT COMMISSIONER OF LABOUR (C), TIRPPUR",LABOUR WELFARE AND SKILL DEVELOPMENT DEPARTMENT,Sub Office,466f3b95c5a60833,rti_tamil_nadu,rti_meta,legal_salience,en,no,templates/legal_salience.txt,applications/RA3/TN-507.txt,10,30
TN-508,RA3,Tamil Nadu,"ASSISTANT COMMISSIONER OF LABOUR (SSS), DINDIGUL",LABOUR WELFARE AND SKILL DEVELOPMENT DEPARTMENT,Sub Office,43e64c28049ec851,rti_tamil_nadu,rti_meta,plain,en,no,templates/plain.txt,applications/RA3/TN-508.txt,10,30
TN-509,RA1,Tamil Nadu,"ASSISTANT INSPECTOR OF LABOUR, DHARAPURAM",LABOUR WELFARE AND SKILL DEVELOPMENT DEPARTMENT,Sub Office,52fa9adadcb5d0b7,rti_tamil_nadu,rti_meta,legal_salience,en,no,templates/legal_salience.txt,applications/RA1/TN-509.txt,10,30
TN-510,RA1,Tamil Nadu,"ASSISTANT INSPECTOR OF LABOUR, THOOTHUKUDI 1ST CIRCLE",LABOUR WELFARE AND SKILL DEVELOPMENT DEPARTMENT,Sub Office,619ef59cb73bc37e,rti_tamil_nadu,rti_meta,legal_salience,en,no,templates/legal_salience.txt,applications/RA1/TN-510.txt,10,30
TN-511,RA4,Tamil Nadu,"ASSISTANT INSPECTOR OF LABOUR-1, TIRUNELVELI",LABOUR WELFARE AND SKILL DEVELOPMENT DEPARTMENT,Sub Office,232a7780f9e95bdd,rti_tamil_nadu,rti_meta,plain,en,no,templates/plain.txt,applications/RA4/TN-511.txt,10,30
TN-512,RA4,Tamil Nadu,"ASSISTANT INSPECTOR OF LABOUR-15, CHENNAI.",LABOUR WELFARE AND SKILL DEVELOPMENT DEPARTMENT,Sub Office,2f2a71b911679647,rti_tamil_nadu,rti_meta,plain,en,no,templates/plain.txt,applications/RA4/TN-512.txt,10,30
TN-513,RA1,Tamil Nadu,"ASSISTANT INSPECTOR OF LABOUR-2, PALANI",LABOUR WELFARE AND SKILL DEVELOPMENT DEPARTMENT,Sub Office,c92de401a72c834d,rti_tamil_nadu,rti_meta,plain,en,no,templates/plain.txt,applications/RA1/TN-513.txt,10,30
TN-514,RA1,Tamil Nadu,"ASSISTANT INSPECTOR OF LABOUR-2, SIVAKASI",LABOUR WELFARE AND SKILL DEVELOPMENT DEPARTMENT,Sub Office,8328b33104bf4813,rti_tamil_nadu,rti_meta,plain,en,no,templates/plain.txt,applications/RA1/TN-514.txt,10,30
TN-515,RA3,Tamil Nadu,"ASSISTANT INSPECTOR OF LABOUR-2, TENKASI",LABOUR WELFARE AND SKILL DEVELOPMENT DEPARTMENT,Sub Office,e8fdfc161bb7fd4d,rti_tamil_nadu,rti_meta,plain,en,no,templates/plain.txt,applications/RA3/TN-515.txt,10,30
TN-516,RA1,Tamil Nadu,"ASSISTANT INSPECTOR OF LABOUR-25, CHENNAI.",LABOUR WELFARE AND SKILL DEVELOPMENT DEPARTMENT,Sub Office,d1c4f87952970a5d,rti_tamil_nadu,rti_meta,legal_salience,en,no,templates/legal_salience.txt,applications/RA1/TN-516.txt,10,30
TN-517,RA2,Tamil Nadu,"DEPUTY INSPECTOR OF LABOUR, CIRCLE - 1, CHENNAI",LABOUR WELFARE AND SKILL DEVELOPMENT DEPARTMENT,Sub Office,47eb87217741a42c,rti_tamil_nadu,rti_meta,legal_salience,en,no,templates/legal_salience.txt,applications/RA2/TN-517.txt,10,30
TN-518,RA3,Tamil Nadu,"DEPUTY INSPECTOR OF LABOUR, KARUR",LABOUR WELFARE AND SKILL DEVELOPMENT DEPARTMENT,Sub Office,6414afacfa8f5fe9,rti_tamil_nadu,rti_meta,legal_salience,en,no,templates/legal_salience.txt,applications/RA3/TN-518.txt,10,30
TN-519,RA1,Tamil Nadu,"STAMPING INSPECTOR, COMMISSIONER OF LABOUR, DHARAPURAM",LABOUR WELFARE AND SKILL DEVELOPMENT DEPARTMENT,Sub Office,a49e63781bf1a2b9,rti_tamil_nadu,rti_meta,plain,en,no,templates/plain.txt,applications/RA1/TN-519.txt,10,30
TN-520,RA2,Tamil Nadu,"STAMPING INSPECTOR-3, COMMISSIONER OF LABOUR, CHENNAI",LABOUR WELFARE AND SKILL DEVELOPMENT DEPARTMENT,Sub Office,e434583710d4b76d,rti_tamil_nadu,rti_meta,plain,en,no,templates/plain.txt,applications/RA2/TN-520.txt,10,30
TN-521,RA3,Tamil Nadu,"STAMPINGINSPECTOR OF LABOUR, COMMISSIONER OF LABOUR, SANKARANKOIL",LABOUR WELFARE AND SKILL DEVELOPMENT DEPARTMENT,Sub Office,a473b8e7827aea08,rti_tamil_nadu,rti_meta,plain,en,no,templates/plain.txt,applications/RA3/TN-521.txt,10,30
TN-522,RA2,Tamil Nadu,"STAMPING INSPECTOR, COMMISSIONER OF LABOUR, MUSIRI",LABOUR WELFARE AND SKILL DEVELOPMENT DEPARTMENT,Sub Office,341c5118d52d36b0,rti_tamil_nadu,rti_meta,plain,en,no,templates/plain.txt,applications/RA2/TN-522.txt,10,30
TN-523,RA2,Tamil Nadu,"STAMPING INSPECTOR, COMMISSIONER OF LABOUR, THIRUPATHUR",LABOUR WELFARE AND SKILL DEVELOPMENT DEPARTMENT,Sub Office,4fe5c1560739fece,rti_tamil_nadu,rti_meta,plain,en,no,templates/plain.txt,applications/RA2/TN-523.txt,10,30
TN-524,RA2,Tamil Nadu,LAW DEPARTMENT,LAW DEPARTMENT,Department,e43403d684e5fa6f,rti_tamil_nadu,rti_meta,plain,en,no,templates/plain.txt,applications/RA2/TN-524.txt,10,30
TN-525,RA2,Tamil Nadu,DIRECTORATE OF LEGAL STUDIES,LAW DEPARTMENT,Head of Department,6d82ad1f799adecc,rti_tamil_nadu,rti_meta,legal_salience,en,no,templates/legal_salience.txt,applications/RA2/TN-525.txt,10,30
TN-526,RA4,Tamil Nadu,STATE LAW COMMISSION,LAW DEPARTMENT,Head of Department,50c34ccaae29fecc,rti_tamil_nadu,rti_meta,plain,en,no,templates/plain.txt,applications/RA4/TN-526.txt,10,30
TN-527,RA3,Tamil Nadu,STATE OFFICIAL LANGUAGE(LEGISLATIVE)COMMISSION,LAW DEPARTMENT,Head of Department,57b2fbc12451035e,rti_tamil_nadu,rti_meta,plain,en,no,templates/plain.txt,applications/RA3/TN-527.txt,10,30
TN-528,RA1,Tamil Nadu,"TAMIL NADU NATIONAL LAW UNIVERSITY, TIRUCHIRAPPALLI",LAW DEPARTMENT,Head of Department,a03d5924243e4f90,rti_tamil_nadu,rti_meta,plain,en,no,templates/plain.txt,applications/RA1/TN-528.txt,10,30
TN-529,RA1,Tamil Nadu,CHENNAI DR.AMBEDKAR GOVERNMENT LAW COLLEGE,LAW DEPARTMENT,Sub Office,88e6fb7134ac8dda,rti_tamil_nadu,rti_meta,plain,en,no,templates/plain.txt,applications/RA1/TN-529.txt,10,30
TN-530,RA3,Tamil Nadu,CHENNAI DR.AMBEKAR GOVERNMENT LAW COLLEGE,LAW DEPARTMENT,Sub Office,2cbe92963f0554fc,rti_tamil_nadu,rti_meta,plain,en,no,templates/plain.txt,applications/RA3/TN-530.txt,10,30
TN-531,RA2,Tamil Nadu,"GOVERNMENT LAW COLLEGE, COIMBATORE.",LAW DEPARTMENT,Sub Office,4384f60d8b18edb0,rti_tamil_nadu,rti_meta,plain,en,no,templates/plain.txt,applications/RA2/TN-531.txt,10,30
TN-532,RA3,Tamil Nadu,"GOVERNMENT LAW COLLEGE, KARAIKUDI.",LAW DEPARTMENT,Sub Office,60667294d0938b66,rti_tamil_nadu,rti_meta,legal_salience,en,no,templates/legal_salience.txt,applications/RA3/TN-532.txt,10,30
TN-533,RA4,Tamil Nadu,"GOVERNMENT LAW COLLEGE, RAMANATHAPURAM.",LAW DEPARTMENT,Sub Office,2e4e996373b20451,rti_tamil_nadu,rti_meta,plain,en,no,templates/plain.txt,applications/RA4/TN-533.txt,10,30
TN-534,RA2,Tamil Nadu,"GOVERNMENT LAW COLLEGE, SALEM.",LAW DEPARTMENT,Sub Office,6599785e292b9717,rti_tamil_nadu,rti_meta,legal_salience,en,no,templates/legal_salience.txt,applications/RA2/TN-534.txt,10,30
TN-535,RA3,Tamil Nadu,"GOVERNMENT LAW COLLEGE, VILLUPURAM.",LAW DEPARTMENT,Sub Office,e388132db37571eb,rti_tamil_nadu,rti_meta,legal_salience,en,no,templates/legal_salience.txt,applications/RA3/TN-535.txt,10,30
TN-536,RA3,Tamil Nadu,"GOVERNMENT LAW COLLEGE,CHENGALPATTU.",LAW DEPARTMENT,Sub Office,8d0b34be471ec470,rti_tamil_nadu,rti_meta,plain,en,no,templates/plain.txt,applications/RA3/TN-536.txt,10,30
TN-537,RA4,Tamil Nadu,"GOVERNMENT LAW COLLEGE,DHARMAPURI.",LAW DEPARTMENT,Sub Office,4b309d51923305b6,rti_tamil_nadu,rti_meta,legal_salience,en,no,templates/legal_salience.txt,applications/RA4/TN-537.txt,10,30
TN-538,RA2,Tamil Nadu,"GOVERNMENT LAW COLLEGE,MADURAI.",LAW DEPARTMENT,Sub Office,4d2e7c2be11ed282,rti_tamil_nadu,rti_meta,plain,en,no,templates/plain.txt,applications/RA2/TN-538.txt,10,30
TN-539,RA1,Tamil Nadu,"GOVERNMENT LAW COLLEGE,NAMAKKAL.",LAW DEPARTMENT,Sub Office,bd57bd4a18598f5b,rti_tamil_nadu,rti_meta,legal_salience,en,no,templates/legal_salience.txt,applications/RA1/TN-539.txt,10,30
TN-540,RA1,Tamil Nadu,"GOVERNMENT LAW COLLEGE,THENI.",LAW DEPARTMENT,Sub Office,aa830ec4439d48ec,rti_tamil_nadu,rti_meta,plain,en,no,templates/plain.txt,applications/RA1/TN-540.txt,10,30
TN-541,RA3,Tamil Nadu,"GOVERNMENT LAW COLLEGE,THIRUCHIRAPPALLI.",LAW DEPARTMENT,Sub Office,0ca8dc621759c1fc,rti_tamil_nadu,rti_meta,plain,en,no,templates/plain.txt,applications/RA3/TN-541.txt,10,30
TN-542,RA2,Tamil Nadu,"GOVERNMENT LAW COLLEGE,THIRUNELVELI.",LAW DEPARTMENT,Sub Office,a9446b6db48c969f,rti_tamil_nadu,rti_meta,plain,en,no,templates/plain.txt,applications/RA2/TN-542.txt,10,30
TN-543,RA4,Tamil Nadu,"GOVERNMENT LAW COLLEGE,VELLORE.",LAW DEPARTMENT,Sub Office,e428fa2de7fe58e6,rti_tamil_nadu,rti_meta,plain,en,no,templates/plain.txt,applications/RA4/TN-543.txt,10,30
TN-544,RA4,Tamil Nadu,LEGISLATIVE ASSEMBLY DEPARTMENT,LEGISLATIVE ASSEMBLY DEPARTMENT,Department,fc43c4b3939e112c,rti_tamil_nadu,rti_meta,plain,en,no,templates/plain.txt,applications/RA4/TN-544.txt,10,30
TN-545,RA1,Tamil Nadu,"MICRO, SMALL AND MEDIUM ENTERPRISES DEPARTMENT","MICRO, SMALL AND MEDIUM ENTERPRISES DEPARTMENT",Department,614ac6806265821c,rti_tamil_nadu,rti_meta,plain,en,no,templates/plain.txt,applications/RA1/TN-545.txt,10,30
TN-546,RA4,Tamil Nadu,BUREAU FOR FACILITATING MSMES OF TAMIL NADU -FAME TN,"MICRO, SMALL AND MEDIUM ENTERPRISES DEPARTMENT",Head of Department,63008525a437b420,rti_tamil_nadu,rti_meta,legal_salience,en,no,templates/legal_salience.txt,applications/RA4/TN-546.txt,10,30
TN-547,RA3,Tamil Nadu,ENTREPRENEURSHIP DEVELOPMENT AND INNOVATION INSTITUTE,"MICRO, SMALL AND MEDIUM ENTERPRISES DEPARTMENT",Head of Department,ef597562cfc943ce,rti_tamil_nadu,rti_meta,plain,en,no,templates/plain.txt,applications/RA3/TN-547.txt,10,30
TN-548,RA2,Tamil Nadu,"TAMIL NADU COIR BUSINESS DEVELOPMENT CORPORATION, COIMBATORE","MICRO, SMALL AND MEDIUM ENTERPRISES DEPARTMENT",Head of Department,271929225565ab63,rti_tamil_nadu,rti_meta,plain,en,no,templates/plain.txt,applications/RA2/TN-548.txt,10,30
TN-549,RA4,Tamil Nadu,TAMIL NADU SMALL INDUSTRIES CORPORATION LIMITED,"MICRO, SMALL AND MEDIUM ENTERPRISES DEPARTMENT",Head of Department,adf6980e5993801c,rti_tamil_nadu,rti_meta,plain,en,no,templates/plain.txt,applications/RA4/TN-549.txt,10,30
TN-550,RA1,Tamil Nadu,CENTRAL ELECTRICAL TESTING LABORATORY AT KAKKALUR,"MICRO, SMALL AND MEDIUM ENTERPRISES DEPARTMENT",Sub Office,8b869e20a7e4bdd8,rti_tamil_nadu,rti_meta,plain,en,no,templates/plain.txt,applications/RA1/TN-550.txt,10,30
TN-551,RA4,Tamil Nadu,DEPUTY DIRECTOR (INDUSTRIAL COOPERATIVE,"MICRO, SMALL AND MEDIUM ENTERPRISES DEPARTMENT",Sub Office,b20f7699a06abaff,rti_tamil_nadu,rti_meta,plain,en,no,templates/plain.txt,applications/RA4/TN-551.txt,10,30
TN-552,RA2,Tamil Nadu,DISTRICT INDUSTRIES CENTRE AT CHENGALPATTU,"MICRO, SMALL AND MEDIUM ENTERPRISES DEPARTMENT",Sub Office,24f5bf199f24669f,rti_tamil_nadu,rti_meta,plain,en,no,templates/plain.txt,applications/RA2/TN-552.txt,10,30
TN-553,RA2,Tamil Nadu,DISTRICT INDUSTRIES CENTRE AT CUDDALORE,"MICRO, SMALL AND MEDIUM ENTERPRISES DEPARTMENT",Sub Office,25ea389690fbf65b,rti_tamil_nadu,rti_meta,plain,en,no,templates/plain.txt,applications/RA2/TN-553.txt,10,30
TN-554,RA1,Tamil Nadu,DISTRICT INDUSTRIES CENTRE AT DHARMAPURI,"MICRO, SMALL AND MEDIUM ENTERPRISES DEPARTMENT",Sub Office,e0ee327b9da5f9bc,rti_tamil_nadu,rti_meta,plain,en,no,templates/plain.txt,applications/RA1/TN-554.txt,10,30
TN-555,RA2,Tamil Nadu,DISTRICT INDUSTRIES CENTRE AT ERODE,"MICRO, SMALL AND MEDIUM ENTERPRISES DEPARTMENT",Sub Office,5b614bd6b43443f0,rti_tamil_nadu,rti_meta,legal_salience,en,no,templates/legal_salience.txt,applications/RA2/TN-555.txt,10,30
TN-556,RA3,Tamil Nadu,DISTRICT INDUSTRIES CENTRE AT KANCHEEPURAM,"MICRO, SMALL AND MEDIUM ENTERPRISES DEPARTMENT",Sub Office,3263a6b795cb38db,rti_tamil_nadu,rti_meta,plain,en,no,templates/plain.txt,applications/RA3/TN-556.txt,10,30
TN-557,RA4,Tamil Nadu,DISTRICT INDUSTRIES CENTRE AT MADURAI,"MICRO, SMALL AND MEDIUM ENTERPRISES DEPARTMENT",Sub Office,c3563f43130f22b1,rti_tamil_nadu,rti_meta,plain,en,no,templates/plain.txt,applications/RA4/TN-557.txt,10,30
TN-558,RA1,Tamil Nadu,DISTRICT INDUSTRIES CENTRE AT NILGIRIS,"MICRO, SMALL AND MEDIUM ENTERPRISES DEPARTMENT",Sub Office,81c1e680d7862dce,rti_tamil_nadu,rti_meta,plain,en,no,templates/plain.txt,applications/RA1/TN-558.txt,10,30
TN-559,RA2,Tamil Nadu,DISTRICT INDUSTRIES CENTRE AT PERAMBALUR,"MICRO, SMALL AND MEDIUM ENTERPRISES DEPARTMENT",Sub Office,06224168f1de2c03,rti_tamil_nadu,rti_meta,plain,en,no,templates/plain.txt,applications/RA2/TN-559.txt,10,30
TN-560,RA1,Tamil Nadu,DISTRICT INDUSTRIES CENTRE AT RAMANATHAPURAM,"MICRO, SMALL AND MEDIUM ENTERPRISES DEPARTMENT",Sub Office,40e4ade6a7db2b78,rti_tamil_nadu,rti_meta,legal_salience,en,no,templates/legal_salience.txt,applications/RA1/TN-560.txt,10,30
TN-561,RA2,Tamil Nadu,DISTRICT INDUSTRIES CENTRE AT THANJAVUR,"MICRO, SMALL AND MEDIUM ENTERPRISES DEPARTMENT",Sub Office,bbd409915128876a,rti_tamil_nadu,rti_meta,plain,en,no,templates/plain.txt,applications/RA2/TN-561.txt,10,30
TN-562,RA1,Tamil Nadu,DISTRICT INDUSTRIES CENTRE AT THE NILGIRIS (IC WING TEA),"MICRO, SMALL AND MEDIUM ENTERPRISES DEPARTMENT",Sub Office,17aeeb1c559e4c23,rti_tamil_nadu,rti_meta,plain,en,no,templates/plain.txt,applications/RA1/TN-562.txt,10,30
TN-563,RA3,Tamil Nadu,DISTRICT INDUSTRIES CENTRE AT THIRUVALLUR,"MICRO, SMALL AND MEDIUM ENTERPRISES DEPARTMENT",Sub Office,1a71f04992c28ef3,rti_tamil_nadu,rti_meta,plain,en,no,templates/plain.txt,applications/RA3/TN-563.txt,10,30
TN-564,RA2,Tamil Nadu,DISTRICT INDUSTRIES CENTRE AT THIRUVARUR,"MICRO, SMALL AND MEDIUM ENTERPRISES DEPARTMENT",Sub Office,4f56adf295ffd423,rti_tamil_nadu,rti_meta,legal_salience,en,no,templates/legal_salience.txt,applications/RA2/TN-564.txt,10,30
TN-565,RA4,Tamil Nadu,DISTRICT INDUSTRIES CENTRE AT THOOTHUKUDI,"MICRO, SMALL AND MEDIUM ENTERPRISES DEPARTMENT",Sub Office,0f65737f82f52205,rti_tamil_nadu,rti_meta,legal_salience,en,no,templates/legal_salience.txt,applications/RA4/TN-565.txt,10,30
TN-566,RA4,Tamil Nadu,DISTRICT INDUSTRIES CENTRE AT TIRUCHIRAPALLI,"MICRO, SMALL AND MEDIUM ENTERPRISES DEPARTMENT",Sub Office,b5d036edeba0c564,rti_tamil_nadu,rti_meta,plain,en,no,templates/plain.txt,applications/RA4/TN-566.txt,10,30
TN-567,RA3,Tamil Nadu,DISTRICT INDUSTRIES CENTRE AT TIRUNELVELI,"MICRO, SMALL AND MEDIUM ENTERPRISES DEPARTMENT",Sub Office,e5b2b52eba6f630a,rti_tamil_nadu,rti_meta,legal_salience,en,no,templates/legal_salience.txt,applications/RA3/TN-567.txt,10,30
TN-568,RA3,Tamil Nadu,DISTRICT INDUSTRIES CENTRE AT TIRUPPUR,"MICRO, SMALL AND MEDIUM ENTERPRISES DEPARTMENT",Sub Office,31be7e6fac6d55e7,rti_tamil_nadu,rti_meta,plain,en,no,templates/plain.txt,applications/RA3/TN-568.txt,10,30
TN-569,RA1,Tamil Nadu,REGIONAL TESTING LABORATORY AT COIMBATORE,"MICRO, SMALL AND MEDIUM ENTERPRISES DEPARTMENT",Sub Office,bd222e87616699e7,rti_tamil_nadu,rti_meta,legal_salience,en,no,templates/legal_salience.txt,applications/RA1/TN-569.txt,10,30
TN-570,RA3,Tamil Nadu,MUNICIPAL ADMINISTRATION AND WATER SUPPLIES DEPARTMENT,MUNICIPAL ADMINISTRATION AND WATER SUPPLIES DEPARTMENT,Department,7e7148daee702519,rti_tamil_nadu,rti_meta,plain,en,no,templates/plain.txt,applications/RA3/TN-570.txt,10,30
TN-571,RA4,Tamil Nadu,"DIRECTORATE OF MUNICIPAL ADMINISTRATION,",MUNICIPAL ADMINISTRATION AND WATER SUPPLIES DEPARTMENT,Head of Department,797b395774c3df62,rti_tamil_nadu,rti_meta,plain,en,no,templates/plain.txt,applications/RA4/TN-571.txt,10,30
TN-572,RA3,Tamil Nadu,DIRECTORATE OF TOWN PANCHAYATS,MUNICIPAL ADMINISTRATION AND WATER SUPPLIES DEPARTMENT,Head of Department,0ae51d2cec46d615,rti_tamil_nadu,rti_meta,legal_salience,en,no,templates/legal_salience.txt,applications/RA3/TN-572.txt,10,30
TN-573,RA1,Tamil Nadu,GREATER CHENNAI CORPORATION,MUNICIPAL ADMINISTRATION AND WATER SUPPLIES DEPARTMENT,Head of Department,d178178141e419a5,rti_tamil_nadu,rti_meta,plain,en,no,templates/plain.txt,applications/RA1/TN-573.txt,10,30
TN-574,RA2,Tamil Nadu,TAMILNADU WATER SUPPLY AND DRAINAGE BOARD,MUNICIPAL ADMINISTRATION AND WATER SUPPLIES DEPARTMENT,Head of Department,b7bb8a06e272c4db,rti_tamil_nadu,rti_meta,plain,en,no,templates/plain.txt,applications/RA2/TN-574.txt,10,30
TN-575,RA3,Tamil Nadu,"CHENNAI METROPOLITAN WATER SUPPLY AND SEWERAGE BOARD / REGIONAL OFFICE, AYANAVARAM",MUNICIPAL ADMINISTRATION AND WATER SUPPLIES DEPARTMENT,Sub Office,26e39270a026e2c5,rti_tamil_nadu,rti_meta,plain,en,no,templates/plain.txt,applications/RA3/TN-575.txt,10,30
TN-576,RA2,Tamil Nadu,CHENNAI METROPOLITAN WATER SUPPLY AND SEWERAGE BOARD / ZONE -11/ VALASARAVAKKAM,MUNICIPAL ADMINISTRATION AND WATER SUPPLIES DEPARTMENT,Sub Office,63f0bc0f2a83fdc5,rti_tamil_nadu,rti_meta,plain,en,no,templates/plain.txt,applications/RA2/TN-576.txt,10,30
TN-577,RA1,Tamil Nadu,CHENNAI METROPOLITAN WATER SUPPLY AND SEWERAGE BOARD / ZONE -12/ ALANDUR,MUNICIPAL ADMINISTRATION AND WATER SUPPLIES DEPARTMENT,Sub Office,a3be5776714e7a93,rti_tamil_nadu,rti_meta,plain,en,no,templates/plain.txt,applications/RA1/TN-577.txt,10,30
TN-578,RA1,Tamil Nadu,CUDDALORE CITY MUNICIPAL CORPORATION.,MUNICIPAL ADMINISTRATION AND WATER SUPPLIES DEPARTMENT,Sub Office,1c4a6018da2dca37,rti_tamil_nadu,rti_meta,legal_salience,en,no,templates/legal_salience.txt,applications/RA1/TN-578.txt,10,30
TN-579,RA4,Tamil Nadu,GREATER CHENNAI CORPORATION STADIUIM DEPARTMENT,MUNICIPAL ADMINISTRATION AND WATER SUPPLIES DEPARTMENT,Sub Office,28a862051dcd5501,rti_tamil_nadu,rti_meta,plain,en,no,templates/plain.txt,applications/RA4/TN-579.txt,10,30
TN-580,RA2,Tamil Nadu,ANANTHAPURAM TOWN PANCHAYAT,MUNICIPAL ADMINISTRATION AND WATER SUPPLIES DEPARTMENT,Sub Office,1392d078aee8d888,rti_tamil_nadu,rti_meta,legal_salience,en,no,templates/legal_salience.txt,applications/RA2/TN-580.txt,10,30
TN-581,RA4,Tamil Nadu,ANTHIYUR TOWN PANCHAYAT,MUNICIPAL ADMINISTRATION AND WATER SUPPLIES DEPARTMENT,Sub Office,fc5b00a5ad452cfa,rti_tamil_nadu,rti_meta,plain,en,no,templates/plain.txt,applications/RA4/TN-581.txt,10,30
TN-582,RA1,Tamil Nadu,ARACHALUR TOWN PANCHAYAT,MUNICIPAL ADMINISTRATION AND WATER SUPPLIES DEPARTMENT,Sub Office,c8a528dd9b02eebf,rti_tamil_nadu,rti_meta,legal_salience,en,no,templates/legal_salience.txt,applications/RA1/TN-582.txt,10,30
TN-583,RA2,Tamil Nadu,BELUR TOWN PANCHAYAT,MUNICIPAL ADMINISTRATION AND WATER SUPPLIES DEPARTMENT,Sub Office,337a2b4997048f06,rti_tamil_nadu,rti_meta,plain,en,no,templates/plain.txt,applications/RA2/TN-583.txt,10,30
TN-584,RA4,Tamil Nadu,"GREATER CHENNAI CORPORATION, TONDIARPET MEDICAL ZONE-4",MUNICIPAL ADMINISTRATION AND WATER SUPPLIES DEPARTMENT,Sub Office,aab4ab51ad40c4f0,rti_tamil_nadu,rti_meta,plain,en,no,templates/plain.txt,applications/RA4/TN-584.txt,10,30
TN-585,RA3,Tamil Nadu,KANADUKATHAN TOWN PANCHAYAT,MUNICIPAL ADMINISTRATION AND WATER SUPPLIES DEPARTMENT,Sub Office,41bd60fba01502e1,rti_tamil_nadu,rti_meta,plain,en,no,templates/plain.txt,applications/RA3/TN-585.txt,10,30
TN-586,RA3,Tamil Nadu,KARAMBAKUDI TOWNPANCHAYAT,MUNICIPAL ADMINISTRATION AND WATER SUPPLIES DEPARTMENT,Sub Office,d98b53441188baa0,rti_tamil_nadu,rti_meta,legal_salience,en,no,templates/legal_salience.txt,applications/RA3/TN-586.txt,10,30
TN-587,RA1,Tamil Nadu,KAVERIPATTINAM TOWN PANCHAYAT,MUNICIPAL ADMINISTRATION AND WATER SUPPLIES DEPARTMENT,Sub Office,074887c3e9669f39,rti_tamil_nadu,rti_meta,plain,en,no,templates/plain.txt,applications/RA1/TN-587.txt,10,30
TN-588,RA1,Tamil Nadu,KEERAMANGALAM TOWNPANCHAYAT,MUNICIPAL ADMINISTRATION AND WATER SUPPLIES DEPARTMENT,Sub Office,ce69ba34e71cfba2,rti_tamil_nadu,rti_meta,plain,en,no,templates/plain.txt,applications/RA1/TN-588.txt,10,30
TN-589,RA3,Tamil Nadu,KORADACHERY TOWN PANCHAYAT,MUNICIPAL ADMINISTRATION AND WATER SUPPLIES DEPARTMENT,Sub Office,24fef6f392b472c6,rti_tamil_nadu,rti_meta,plain,en,no,templates/plain.txt,applications/RA3/TN-589.txt,10,30
TN-590,RA4,Tamil Nadu,KULITHALAI MUNICIPALITY,MUNICIPAL ADMINISTRATION AND WATER SUPPLIES DEPARTMENT,Sub Office,ab595fd57398b43e,rti_tamil_nadu,rti_meta,legal_salience,en,no,templates/legal_salience.txt,applications/RA4/TN-590.txt,10,30
TN-591,RA4,Tamil Nadu,MANGALAMPETTAI TOWN PANCHAYAT,MUNICIPAL ADMINISTRATION AND WATER SUPPLIES DEPARTMENT,Sub Office,84af35c001ecb9a7,rti_tamil_nadu,rti_meta,plain,en,no,templates/plain.txt,applications/RA4/TN-591.txt,10,30
TN-592,RA1,Tamil Nadu,MECHERI TOWN PANCHAYAT,MUNICIPAL ADMINISTRATION AND WATER SUPPLIES DEPARTMENT,Sub Office,f4dc6a07f3ddc4a5,rti_tamil_nadu,rti_meta,plain,en,no,templates/plain.txt,applications/RA1/TN-592.txt,10,30
TN-593,RA2,Tamil Nadu,METTUPALAYAM TOWNPANCHAYAT,MUNICIPAL ADMINISTRATION AND WATER SUPPLIES DEPARTMENT,Sub Office,84f880e2fc9732e2,rti_tamil_nadu,rti_meta,plain,en,no,templates/plain.txt,applications/RA2/TN-593.txt,10,30
TN-594,RA2,Tamil Nadu,MUNICIPAL OFFICE THURAIYUR,MUNICIPAL ADMINISTRATION AND WATER SUPPLIES DEPARTMENT,Sub Office,50a50be8da59c364,rti_tamil_nadu,rti_meta,plain,en,no,templates/plain.txt,applications/RA2/TN-594.txt,10,30
TN-595,RA4,Tamil Nadu,ORATHANADU TOWN PANCHAYAT,MUNICIPAL ADMINISTRATION AND WATER SUPPLIES DEPARTMENT,Sub Office,309147708135f7c7,rti_tamil_nadu,rti_meta,legal_salience,en,no,templates/legal_salience.txt,applications/RA4/TN-595.txt,10,30
TN-596,RA4,Tamil Nadu,SINGAMPUNERI TOWN PANCHAYAT,MUNICIPAL ADMINISTRATION AND WATER SUPPLIES DEPARTMENT,Sub Office,c6d0ff7b4cda0438,rti_tamil_nadu,rti_meta,plain,en,no,templates/plain.txt,applications/RA4/TN-596.txt,10,30
TN-597,RA3,Tamil Nadu,"TAMIL NADU WATER SUPPLY AND DRAINAGE BOARD, , RURAL WATER SUPPLY SUB DIVISION, RANIPET.",MUNICIPAL ADMINISTRATION AND WATER SUPPLIES DEPARTMENT,Sub Office,01333614c6b7979e,rti_tamil_nadu,rti_meta,plain,en,no,templates/plain.txt,applications/RA3/TN-597.txt,10,30
TN-598,RA3,Tamil Nadu,"TAMIL NADU WATER SUPPLY AND DRAINAGE BOARD, KANCHEEPURAM, TIRUVALLUR AND CHENGALPET CIRCLE, CHENNAI",MUNICIPAL ADMINISTRATION AND WATER SUPPLIES DEPARTMENT,Sub Office,a2175b75edc20182,rti_tamil_nadu,rti_meta,plain,en,no,templates/plain.txt,applications/RA3/TN-598.txt,10,30
TN-599,RA1,Tamil Nadu,"TAMIL NADU WATER SUPPLY AND DRAINAGE BOARD, RURAL WATER SUPPLY DIVISION, KARUR",MUNICIPAL ADMINISTRATION AND WATER SUPPLIES DEPARTMENT,Sub Office,7b75bff60a958902,rti_tamil_nadu,rti_meta,plain,en,no,templates/plain.txt,applications/RA1/TN-599.txt,10,30
TN-600,RA3,Tamil Nadu,TINDIVANAM MUNICIPALITY,MUNICIPAL ADMINISTRATION AND WATER SUPPLIES DEPARTMENT,Sub Office,b90266191070634a,rti_tamil_nadu,rti_meta,legal_salience,en,no,templates/legal_salience.txt,applications/RA3/TN-600.txt,10,30
TN-601,RA4,Tamil Nadu,UTHUKOTTAI TOWN PANCHAYATS,MUNICIPAL ADMINISTRATION AND WATER SUPPLIES DEPARTMENT,Sub Office,7be627e2e83ee341,rti_tamil_nadu,rti_meta,legal_salience,en,no,templates/legal_salience.txt,applications/RA4/TN-601.txt,10,30
TN-602,RA2,Tamil Nadu,VILAVOOR TOWN PANCHAYAT,MUNICIPAL ADMINISTRATION AND WATER SUPPLIES DEPARTMENT,Sub Office,211be5d161a896a8,rti_tamil_nadu,rti_meta,legal_salience,en,no,templates/legal_salience.txt,applications/RA2/TN-602.txt,10,30
TN-603,RA2,Tamil Nadu,NATURAL RESOURCES DEPARTMENT,NATURAL RESOURCES DEPARTMENT,Department,f336b2a5b5f6e084,rti_tamil_nadu,rti_meta,plain,en,no,templates/plain.txt,applications/RA2/TN-603.txt,10,30
TN-604,RA1,Tamil Nadu,"TAMIL NADU MAGNESITE LIMITED (TANMAG), SALEM",NATURAL RESOURCES DEPARTMENT,Head of Department,62a2f40dc6d5db98,rti_tamil_nadu,rti_meta,legal_salience,en,no,templates/legal_salience.txt,applications/RA1/TN-604.txt,10,30
TN-605,RA3,Tamil Nadu,"TAMIL NADU MINERALS LIMITED, CHENNAI",NATURAL RESOURCES DEPARTMENT,Head of Department,d00c7784abd41fc2,rti_tamil_nadu,rti_meta,plain,en,no,templates/plain.txt,applications/RA3/TN-605.txt,10,30
TN-606,RA4,Tamil Nadu,"PLANNING, DEVELOPMENT AND SPECIAL INITIATIVES DEPARTMENT","PLANNING, DEVELOPMENT AND SPECIAL INITIATIVES DEPARTMENT",Department,065feffa315d472a,rti_tamil_nadu,rti_meta,plain,en,no,templates/plain.txt,applications/RA4/TN-606.txt,10,30
TN-607,RA2,Tamil Nadu,"DEPUTY DIRECTOR OF STATISTICS, VIRUDHUNAGAR","PLANNING, DEVELOPMENT AND SPECIAL INITIATIVES DEPARTMENT",Head of Department,6d071ce7747b96fe,rti_tamil_nadu,rti_meta,legal_salience,en,no,templates/legal_salience.txt,applications/RA2/TN-607.txt,10,30
TN-608,RA3,Tamil Nadu,"DEPUTY DIRECTOR OF STATISTICS,COIMBATORE","PLANNING, DEVELOPMENT AND SPECIAL INITIATIVES DEPARTMENT",Head of Department,f1a4011eb7f373a3,rti_tamil_nadu,rti_meta,plain,en,no,templates/plain.txt,applications/RA3/TN-608.txt,10,30
TN-609,RA2,Tamil Nadu,"DEPUTY DIRECTOR OF STATISTICS,SIVAGANGAI","PLANNING, DEVELOPMENT AND SPECIAL INITIATIVES DEPARTMENT",Head of Department,c6e7645d2f7909cc,rti_tamil_nadu,rti_meta,plain,en,no,templates/plain.txt,applications/RA2/TN-609.txt,10,30
TN-610,RA1,Tamil Nadu,"SPECIAL AREA DEVELOPMENT PROGRAMME (SADP), THE NILGIRIS","PLANNING, DEVELOPMENT AND SPECIAL INITIATIVES DEPARTMENT",Head of Department,143c92640799e35b,rti_tamil_nadu,rti_meta,plain,en,no,templates/plain.txt,applications/RA1/TN-610.txt,10,30
TN-611,RA4,Tamil Nadu,"GOVERNMENT I.T.I., ARUPPUKOTTAI","PLANNING, DEVELOPMENT AND SPECIAL INITIATIVES DEPARTMENT",Sub Office,b2d32245e7d67218,rti_tamil_nadu,rti_meta,plain,en,no,templates/plain.txt,applications/RA4/TN-611.txt,10,30
TN-612,RA3,Tamil Nadu,"GOVERNMENT I.T.I., GUMMIDPUNDI","PLANNING, DEVELOPMENT AND SPECIAL INITIATIVES DEPARTMENT",Sub Office,97bec57a137b61ee,rti_tamil_nadu,rti_meta,legal_salience,en,no,templates/legal_salience.txt,applications/RA3/TN-612.txt,10,30
TN-613,RA1,Tamil Nadu,PROHIBITION AND EXCISE DEPARTMENT,PROHIBITION AND EXCISE DEPARTMENT,Department,5e0d6be05825075b,rti_tamil_nadu,rti_meta,plain,en,no,templates/plain.txt,applications/RA1/TN-613.txt,10,30
TN-614,RA4,Tamil Nadu,COMMISSIONER OF PROHIBITION AND EXCISE,PROHIBITION AND EXCISE DEPARTMENT,Head of Department,821eb332fa20043b,rti_tamil_nadu,rti_meta,legal_salience,en,no,templates/legal_salience.txt,applications/RA4/TN-614.txt,10,30
TN-615,RA2,Tamil Nadu,TAMIL NADU STATE MARKETING CORPORATION,PROHIBITION AND EXCISE DEPARTMENT,Head of Department,656a29ab0083d827,rti_tamil_nadu,rti_meta,plain,en,no,templates/plain.txt,applications/RA2/TN-615.txt,10,30
TN-616,RA3,Tamil Nadu,"ASSISTANT COMMISSIONER (EXCISE), ARIYALUR",PROHIBITION AND EXCISE DEPARTMENT,Sub Office,4f1dae54d2d6a52c,rti_tamil_nadu,rti_meta,legal_salience,en,no,templates/legal_salience.txt,applications/RA3/TN-616.txt,10,30
TN-617,RA3,Tamil Nadu,"ASSISTANT COMMISSIONER (EXCISE), CUDDALORE",PROHIBITION AND EXCISE DEPARTMENT,Sub Office,ff34835de6b64c84,rti_tamil_nadu,rti_meta,plain,en,no,templates/plain.txt,applications/RA3/TN-617.txt,10,30
TN-618,RA4,Tamil Nadu,"ASSISTANT COMMISSIONER (EXCISE), KANCHIPURAM",PROHIBITION AND EXCISE DEPARTMENT,Sub Office,bd1069f868ef075d,rti_tamil_nadu,rti_meta,plain,en,no,templates/plain.txt,applications/RA4/TN-618.txt,10,30
TN-619,RA2,Tamil Nadu,"ASSISTANT COMMISSIONER (EXCISE), KARUR",PROHIBITION AND EXCISE DEPARTMENT,Sub Office,b88e53ee6f8c350a,rti_tamil_nadu,rti_meta,plain,en,no,templates/plain.txt,applications/RA2/TN-619.txt,10,30
TN-620,RA4,Tamil Nadu,"ASSISTANT COMMISSIONER (EXCISE), KRISHNAGIRI",PROHIBITION AND EXCISE DEPARTMENT,Sub Office,321235633ee36857,rti_tamil_nadu,rti_meta,plain,en,no,templates/plain.txt,applications/RA4/TN-620.txt,10,30
TN-621,RA1,Tamil Nadu,"ASSISTANT COMMISSIONER (EXCISE), NAGAPATTINAM",PROHIBITION AND EXCISE DEPARTMENT,Sub Office,e5aa109d0e771b36,rti_tamil_nadu,rti_meta,plain,en,no,templates/plain.txt,applications/RA1/TN-621.txt,10,30
TN-622,RA2,Tamil Nadu,"ASSISTANT COMMISSIONER (EXCISE), NAMAKKAL",PROHIBITION AND EXCISE DEPARTMENT,Sub Office,a75298da5f60195d,rti_tamil_nadu,rti_meta,plain,en,no,templates/plain.txt,applications/RA2/TN-622.txt,10,30
TN-623,RA2,Tamil Nadu,"ASSISTANT COMMISSIONER (EXCISE), PUDUKKOTTAI",PROHIBITION AND EXCISE DEPARTMENT,Sub Office,7d5024513910d248,rti_tamil_nadu,rti_meta,plain,en,no,templates/plain.txt,applications/RA2/TN-623.txt,10,30
TN-624,RA3,Tamil Nadu,"ASSISTANT COMMISSIONER (EXCISE), RANIPET",PROHIBITION AND EXCISE DEPARTMENT,Sub Office,caa1b3d933ffc13d,rti_tamil_nadu,rti_meta,plain,en,no,templates/plain.txt,applications/RA3/TN-624.txt,10,30
TN-625,RA4,Tamil Nadu,"ASSISTANT COMMISSIONER (EXCISE), SALEM",PROHIBITION AND EXCISE DEPARTMENT,Sub Office,44822eeb671d63ac,rti_tamil_nadu,rti_meta,plain,en,no,templates/plain.txt,applications/RA4/TN-625.txt,10,30
TN-626,RA1,Tamil Nadu,"ASSISTANT COMMISSIONER (EXCISE), TIRUPATHUR",PROHIBITION AND EXCISE DEPARTMENT,Sub Office,3a3ff63101fccaa7,rti_tamil_nadu,rti_meta,legal_salience,en,no,templates/legal_salience.txt,applications/RA1/TN-626.txt,10,30
TN-627,RA1,Tamil Nadu,"DEPUTY COMMISSIONER (EXCISE) OFFICE, COIMBATORE",PROHIBITION AND EXCISE DEPARTMENT,Sub Office,45163a0e50be98cd,rti_tamil_nadu,rti_meta,plain,en,no,templates/plain.txt,applications/RA1/TN-627.txt,10,30
TN-628,RA3,Tamil Nadu,"SENIOR REGIONAL MANAGER, TASMAC, CHENNAI.",PROHIBITION AND EXCISE DEPARTMENT,Sub Office,04db5e3756f13cd8,rti_tamil_nadu,rti_meta,plain,en,no,templates/plain.txt,applications/RA3/TN-628.txt,10,30
TN-629,RA2,Tamil Nadu,"TASMAC KANCHEEPURAM, (SOUTH)",PROHIBITION AND EXCISE DEPARTMENT,Sub Office,41752dd9fd41bd30,rti_tamil_nadu,rti_meta,legal_salience,en,no,templates/legal_salience.txt,applications/RA2/TN-629.txt,10,30
TN-630,RA3,Tamil Nadu,"TASMAC, COIMBATORE (NORTH)",PROHIBITION AND EXCISE DEPARTMENT,Sub Office,069fe4bd5177b137,rti_tamil_nadu,rti_meta,plain,en,no,templates/plain.txt,applications/RA3/TN-630.txt,10,30
TN-631,RA4,Tamil Nadu,"TASMAC, DHARMAPURI",PROHIBITION AND EXCISE DEPARTMENT,Sub Office,18f4639799034b34,rti_tamil_nadu,rti_meta,plain,en,no,templates/plain.txt,applications/RA4/TN-631.txt,10,30
TN-632,RA4,Tamil Nadu,"TASMAC, KARUR",PROHIBITION AND EXCISE DEPARTMENT,Sub Office,c414ed18d68683ae,rti_tamil_nadu,rti_meta,legal_salience,en,no,templates/legal_salience.txt,applications/RA4/TN-632.txt,10,30
TN-633,RA2,Tamil Nadu,"TASMAC, THIRUVARUR",PROHIBITION AND EXCISE DEPARTMENT,Sub Office,26ee02edee18356c,rti_tamil_nadu,rti_meta,legal_salience,en,no,templates/legal_salience.txt,applications/RA2/TN-633.txt,10,30
TN-634,RA1,Tamil Nadu,"TASMAC, TIRUVALLUR (EAST)",PROHIBITION AND EXCISE DEPARTMENT,Sub Office,7a7b3dd5182b0dc6,rti_tamil_nadu,rti_meta,plain,en,no,templates/plain.txt,applications/RA1/TN-634.txt,10,30
TN-635,RA1,Tamil Nadu,"TASMAC, TRICHY",PROHIBITION AND EXCISE DEPARTMENT,Sub Office,d97ce13237bd11c1,rti_tamil_nadu,rti_meta,legal_salience,en,no,templates/legal_salience.txt,applications/RA1/TN-635.txt,10,30
TN-636,RA1,Tamil Nadu,PUBLIC DEPARTMENT,PUBLIC DEPARTMENT,Department,5b9030bba967bb48,rti_tamil_nadu,rti_meta,plain,en,no,templates/plain.txt,applications/RA1/TN-636.txt,10,30
TN-637,RA3,Tamil Nadu,COMMISSIONERATE OF REHABILITATION AND WELFARE OF NON-RESIDENT TAMILS,PUBLIC DEPARTMENT,Head of Department,74e9547454b8091b,rti_tamil_nadu,rti_meta,plain,en,no,templates/plain.txt,applications/RA3/TN-637.txt,10,30
TN-638,RA3,Tamil Nadu,GOVERNORS SECRETARIAT,PUBLIC DEPARTMENT,Head of Department,0207534def093155,rti_tamil_nadu,rti_meta,legal_salience,en,no,templates/legal_salience.txt,applications/RA3/TN-638.txt,10,30
TN-639,RA2,Tamil Nadu,STATE HUMAN RIGHTS COMMISSION TAMIL NADU,PUBLIC DEPARTMENT,Head of Department,b8b33ef32f9cfcaf,rti_tamil_nadu,rti_meta,plain,en,no,templates/plain.txt,applications/RA2/TN-639.txt,10,30
TN-640,RA4,Tamil Nadu,TAMIL NADU EX-SERVICEMENS CORPORATION LIMITED,PUBLIC DEPARTMENT,Head of Department,7a91f0e14e9224b6,rti_tamil_nadu,rti_meta,plain,en,no,templates/plain.txt,applications/RA4/TN-640.txt,10,30
TN-641,RA4,Tamil Nadu,"EX SERVICEMEN WELFARE OFFICE, ARIYALUR",PUBLIC DEPARTMENT,Sub Office,d51223269531ace5,rti_tamil_nadu,rti_meta,legal_salience,en,no,templates/legal_salience.txt,applications/RA4/TN-641.txt,10,30
TN-642,RA1,Tamil Nadu,"EX SERVICEMEN WELFARE OFFICE, CUDDALORE",PUBLIC DEPARTMENT,Sub Office,160280bcf151c61a,rti_tamil_nadu,rti_meta,plain,en,no,templates/plain.txt,applications/RA1/TN-642.txt,10,30
TN-643,RA1,Tamil Nadu,"EX-SERVICEMEN'S WELFARE OFFICE, CHENNAI",PUBLIC DEPARTMENT,Sub Office,a6e73a018305e5da,rti_tamil_nadu,rti_meta,plain,en,no,templates/plain.txt,applications/RA1/TN-643.txt,10,30
TN-644,RA2,Tamil Nadu,"EX-SERVICEMEN'S WELFARE OFFICE, DINDIGUL",PUBLIC DEPARTMENT,Sub Office,10dbc3aeb8b066dd,rti_tamil_nadu,rti_meta,plain,en,no,templates/plain.txt,applications/RA2/TN-644.txt,10,30
TN-645,RA4,Tamil Nadu,"EX-SERVICEMEN'S WELFARE OFFICE, ERODE",PUBLIC DEPARTMENT,Sub Office,8ab12530e31bbcfe,rti_tamil_nadu,rti_meta,plain,en,no,templates/plain.txt,applications/RA4/TN-645.txt,10,30
TN-646,RA2,Tamil Nadu,"EX-SERVICEMEN'S WELFARE OFFICE, KANNIYAKUMARI",PUBLIC DEPARTMENT,Sub Office,60d805a5185a0009,rti_tamil_nadu,rti_meta,legal_salience,en,no,templates/legal_salience.txt,applications/RA2/TN-646.txt,10,30
TN-647,RA4,Tamil Nadu,"EX-SERVICEMEN'S WELFARE OFFICE, KRISHNAGIRI",PUBLIC DEPARTMENT,Sub Office,0aedd772e157ba14,rti_tamil_nadu,rti_meta,legal_salience,en,no,templates/legal_salience.txt,applications/RA4/TN-647.txt,10,30
TN-648,RA1,Tamil Nadu,"EX-SERVICEMEN'S WELFARE OFFICE, MADURAI",PUBLIC DEPARTMENT,Sub Office,00f083d4e2cfef46,rti_tamil_nadu,rti_meta,legal_salience,en,no,templates/legal_salience.txt,applications/RA1/TN-648.txt,10,30
TN-649,RA4,Tamil Nadu,"EX-SERVICEMEN'S WELFARE OFFICE, RAMANATHAPURAM",PUBLIC DEPARTMENT,Sub Office,6922c570049831cc,rti_tamil_nadu,rti_meta,plain,en,no,templates/plain.txt,applications/RA4/TN-649.txt,10,30
TN-650,RA2,Tamil Nadu,"EX-SERVICEMEN'S WELFARE OFFICE, THANJAVUR",PUBLIC DEPARTMENT,Sub Office,e5744f14c2c111d0,rti_tamil_nadu,rti_meta,plain,en,no,templates/plain.txt,applications/RA2/TN-650.txt,10,30
TN-651,RA2,Tamil Nadu,"EX-SERVICEMEN'S WELFARE OFFICE, THE NILGIRIS",PUBLIC DEPARTMENT,Sub Office,e6e763ebf4207666,rti_tamil_nadu,rti_meta,plain,en,no,templates/plain.txt,applications/RA2/TN-651.txt,10,30
TN-652,RA4,Tamil Nadu,"EX-SERVICEMEN'S WELFARE OFFICE, THENI",PUBLIC DEPARTMENT,Sub Office,8243d8187aeae39e,rti_tamil_nadu,rti_meta,plain,en,no,templates/plain.txt,applications/RA4/TN-652.txt,10,30
TN-653,RA3,Tamil Nadu,"EX-SERVICEMEN'S WELFARE OFFICE, THOOTHUKUDI",PUBLIC DEPARTMENT,Sub Office,cda2681b0d93eb13,rti_tamil_nadu,rti_meta,plain,en,no,templates/plain.txt,applications/RA3/TN-653.txt,10,30
TN-654,RA3,Tamil Nadu,"EX-SERVICEMEN'S WELFARE OFFICE, TIRUCHIRAPPALLI",PUBLIC DEPARTMENT,Sub Office,06375c063a077005,rti_tamil_nadu,rti_meta,plain,en,no,templates/plain.txt,applications/RA3/TN-654.txt,10,30
TN-655,RA1,Tamil Nadu,"EX-SERVICEMEN'S WELFARE OFFICE, TIRUPPUR",PUBLIC DEPARTMENT,Sub Office,7963c2d4f74cd847,rti_tamil_nadu,rti_meta,plain,en,no,templates/plain.txt,applications/RA1/TN-655.txt,10,30
TN-656,RA1,Tamil Nadu,"EX-SERVICEMEN'S WELFARE OFFICE, TIRUVALLUR",PUBLIC DEPARTMENT,Sub Office,33988902d2fc59e7,rti_tamil_nadu,rti_meta,legal_salience,en,no,templates/legal_salience.txt,applications/RA1/TN-656.txt,10,30
TN-657,RA3,Tamil Nadu,"EX-SERVICEMEN'S WELFARE OFFICE, VELLORE",PUBLIC DEPARTMENT,Sub Office,041ca374d2dfec0c,rti_tamil_nadu,rti_meta,plain,en,no,templates/plain.txt,applications/RA3/TN-657.txt,10,30
TN-658,RA2,Tamil Nadu,"EX-SERVICEMEN'S WELFARE OFFICE, VILLUPURAM",PUBLIC DEPARTMENT,Sub Office,a5142dc43061a6fe,rti_tamil_nadu,rti_meta,plain,en,no,templates/plain.txt,applications/RA2/TN-658.txt,10,30
TN-659,RA3,Tamil Nadu,"EX-SERVICEMEN'S WELFARE OFFICE, VIRUDHUNAGAR",PUBLIC DEPARTMENT,Sub Office,f46a12178905b651,rti_tamil_nadu,rti_meta,legal_salience,en,no,templates/legal_salience.txt,applications/RA3/TN-659.txt,10,30
TN-660,RA1,Tamil Nadu,EXSERVICEMAN WELFARE OFFICE - COIMBATORE DIST,PUBLIC DEPARTMENT,Sub Office,3673dd46ac3eaefd,rti_tamil_nadu,rti_meta,plain,en,no,templates/plain.txt,applications/RA1/TN-660.txt,10,30
TN-661,RA3,Tamil Nadu,PUBLIC WORKS DEPARTMENT,PUBLIC WORKS DEPARTMENT,Department,a4df73756e8fe0ad,rti_tamil_nadu,rti_meta,plain,en,no,templates/plain.txt,applications/RA3/TN-661.txt,10,30
TN-662,RA4,Tamil Nadu,"ENGINEER-IN-CHIEF , PUBLIC WORKS DEPARTMENT, CHEPAUK",PUBLIC WORKS DEPARTMENT,Head of Department,b959b8ac88190951,rti_tamil_nadu,rti_meta,plain,en,no,templates/plain.txt,applications/RA4/TN-662.txt,10,30
TN-663,RA2,Tamil Nadu,"ASST. EXECUTIVE ENGINEER, QUALITY CONTROL SUB DIVISION, TIRUNELVELI",PUBLIC WORKS DEPARTMENT,Sub Office,e2313f9380307065,rti_tamil_nadu,rti_meta,legal_salience,en,no,templates/legal_salience.txt,applications/RA2/TN-663.txt,10,30
TN-664,RA3,Tamil Nadu,"CHIEF ENGINEER, PUBLIC WORKS DEPARTMENT, MADURAI REGION-",PUBLIC WORKS DEPARTMENT,Sub Office,5c1c7b061cd82f14,rti_tamil_nadu,rti_meta,plain,en,no,templates/plain.txt,applications/RA3/TN-664.txt,10,30
TN-665,RA3,Tamil Nadu,"DEPUTY DIRECTOR OF BOILERS, BHEL CIRCLE",PUBLIC WORKS DEPARTMENT,Sub Office,8481ca06f09a2a8e,rti_tamil_nadu,rti_meta,plain,en,no,templates/plain.txt,applications/RA3/TN-665.txt,10,30
TN-666,RA4,Tamil Nadu,"DEPUTY DIRECTOR OF BOILERS, CHENNAI CIRCLE",PUBLIC WORKS DEPARTMENT,Sub Office,63bb1aae64b68bd3,rti_tamil_nadu,rti_meta,plain,en,no,templates/plain.txt,applications/RA4/TN-666.txt,10,30
TN-667,RA2,Tamil Nadu,"EXECUTIVE ENGINEER (ELECT.) PWD., COIMBATORE",PUBLIC WORKS DEPARTMENT,Sub Office,0d4e2db5a3051a99,rti_tamil_nadu,rti_meta,plain,en,no,templates/plain.txt,applications/RA2/TN-667.txt,10,30
TN-668,RA2,Tamil Nadu,"EXECUTIVE ENGINEER (ELECT.), PUBLIC WORKS DEPARTMENT, MADURAI",PUBLIC WORKS DEPARTMENT,Sub Office,f50bbccc68250ef9,rti_tamil_nadu,rti_meta,legal_salience,en,no,templates/legal_salience.txt,applications/RA2/TN-668.txt,10,30
TN-669,RA1,Tamil Nadu,"EXECUTIVE ENGINEER (ELECT.), PUBLIC WORKS DEPARTMENT, SIVAGANGAI",PUBLIC WORKS DEPARTMENT,Sub Office,46b8c413ffb5dffe,rti_tamil_nadu,rti_meta,plain,en,no,templates/plain.txt,applications/RA1/TN-669.txt,10,30
TN-670,RA2,Tamil Nadu,"EXECUTIVE ENGINEER (ELECT.2), PUBLIC WORKS DEPARTMENT, CHENNAI",PUBLIC WORKS DEPARTMENT,Sub Office,f8027a559708e0f8,rti_tamil_nadu,rti_meta,plain,en,no,templates/plain.txt,applications/RA2/TN-670.txt,10,30
TN-671,RA3,Tamil Nadu,"EXECUTIVE ENGINEER, BUILDINGS (C&M) DIVISION, MADURAI-",PUBLIC WORKS DEPARTMENT,Sub Office,c3da77dccfda5bf5,rti_tamil_nadu,rti_meta,legal_salience,en,no,templates/legal_salience.txt,applications/RA3/TN-671.txt,10,30
TN-672,RA3,Tamil Nadu,"EXECUTIVE ENGINEER, PUBLIC WORKS DEPARTMENT, BUILDINGS (C&M) DIVISION, ERODE",PUBLIC WORKS DEPARTMENT,Sub Office,481b2476e702fa4b,rti_tamil_nadu,rti_meta,legal_salience,en,no,templates/legal_salience.txt,applications/RA3/TN-672.txt,10,30
TN-673,RA1,Tamil Nadu,"EXECUTIVE ENGINEER, PUBLIC WORKS DEPARTMENT, COIMBATORE",PUBLIC WORKS DEPARTMENT,Sub Office,0116382c0ace3fcf,rti_tamil_nadu,rti_meta,plain,en,no,templates/plain.txt,applications/RA1/TN-673.txt,10,30
TN-674,RA1,Tamil Nadu,"EXECUTIVE ENGINEER, PUBLIC WORKS DEPARTMENT, NAGAPATTINAM",PUBLIC WORKS DEPARTMENT,Sub Office,bfc592eaec6b125e,rti_tamil_nadu,rti_meta,legal_salience,en,no,templates/legal_salience.txt,applications/RA1/TN-674.txt,10,30
TN-675,RA4,Tamil Nadu,"EXECUTIVE ENGINEER, PUBLIC WORKS DEPARTMENT, TRICHY",PUBLIC WORKS DEPARTMENT,Sub Office,b373def12aeffa92,rti_tamil_nadu,rti_meta,plain,en,no,templates/plain.txt,applications/RA4/TN-675.txt,10,30
TN-676,RA1,Tamil Nadu,"EXECUTIVE ENGINEER, PUBLIC WORKS DEPARTMENT, UDHAGAMANDALAM",PUBLIC WORKS DEPARTMENT,Sub Office,40f95b42cf4b5007,rti_tamil_nadu,rti_meta,plain,en,no,templates/plain.txt,applications/RA1/TN-676.txt,10,30
TN-677,RA4,Tamil Nadu,"EXECUTIVE ENGINEER, PWD, TENKASI",PUBLIC WORKS DEPARTMENT,Sub Office,1c7fbeb46288a559,rti_tamil_nadu,rti_meta,legal_salience,en,no,templates/legal_salience.txt,applications/RA4/TN-677.txt,10,30
TN-678,RA3,Tamil Nadu,"SUPERINTENDING ENGINEER, COIMBATORE",PUBLIC WORKS DEPARTMENT,Sub Office,0906d749b567411f,rti_tamil_nadu,rti_meta,plain,en,no,templates/plain.txt,applications/RA3/TN-678.txt,10,30
TN-679,RA1,Tamil Nadu,"SUPERINTENDING ENGINEER, PUBLIC WORKS DEPARTMENT, CHENNAI",PUBLIC WORKS DEPARTMENT,Sub Office,d5df39c65ab7e595,rti_tamil_nadu,rti_meta,plain,en,no,templates/plain.txt,applications/RA1/TN-679.txt,10,30
TN-680,RA2,Tamil Nadu,"SUPERINTENDING ENGINEER, PUBLIC WORKS DEPARTMENT, MADURAI-",PUBLIC WORKS DEPARTMENT,Sub Office,761f96c2680b4c6a,rti_tamil_nadu,rti_meta,plain,en,no,templates/plain.txt,applications/RA2/TN-680.txt,10,30
TN-681,RA2,Tamil Nadu,"SUPERINTENDING ENGINEER, PUBLIC WORKS DEPARTMENT, TIRUNELVELI",PUBLIC WORKS DEPARTMENT,Sub Office,454a6a16d54361a6,rti_tamil_nadu,rti_meta,plain,en,no,templates/plain.txt,applications/RA2/TN-681.txt,10,30
TN-682,RA4,Tamil Nadu,"SUPERINTENDING ENGINEER, PUBLIC WORKS DEPARTMENT, VELLORE",PUBLIC WORKS DEPARTMENT,Sub Office,c9639e1f5340d6e1,rti_tamil_nadu,rti_meta,plain,en,no,templates/plain.txt,applications/RA4/TN-682.txt,10,30
TN-683,RA3,Tamil Nadu,REVENUE AND DISASTER MANAGEMENT DEPARTMENT,REVENUE AND DISASTER MANAGEMENT DEPARTMENT,Department,aacbf97497612807,rti_tamil_nadu,rti_meta,plain,en,no,templates/plain.txt,applications/RA3/TN-683.txt,10,30
TN-684,RA4,Tamil Nadu,COMMISSIONER OF LAND REFORMS,REVENUE AND DISASTER MANAGEMENT DEPARTMENT,Head of Department,ad2828f4b765dc4f,rti_tamil_nadu,rti_meta,plain,en,no,templates/plain.txt,applications/RA4/TN-684.txt,10,30
TN-685,RA1,Tamil Nadu,COMMISSIONER OF REVENUE ADMINISTRATION,REVENUE AND DISASTER MANAGEMENT DEPARTMENT,Head of Department,83b92fbd5c49a40d,rti_tamil_nadu,rti_meta,plain,en,no,templates/plain.txt,applications/RA1/TN-685.txt,10,30
TN-686,RA2,Tamil Nadu,COMMISSIONER OF URBAN LAND CEILING AND URBAN LAND TAX,REVENUE AND DISASTER MANAGEMENT DEPARTMENT,Head of Department,c3d59f144a215314,rti_tamil_nadu,rti_meta,plain,en,no,templates/plain.txt,applications/RA2/TN-686.txt,10,30
TN-687,RA4,Tamil Nadu,DIRECTOR OF SURVEY AND SETTLEMENT,REVENUE AND DISASTER MANAGEMENT DEPARTMENT,Head of Department,8fdf12f909933275,rti_tamil_nadu,rti_meta,legal_salience,en,no,templates/legal_salience.txt,applications/RA4/TN-687.txt,10,30
TN-688,RA2,Tamil Nadu,"COLLECTOR, KALLAKURICHI",REVENUE AND DISASTER MANAGEMENT DEPARTMENT,Sub Office,85a174718dec7ed2,rti_tamil_nadu,rti_meta,plain,en,no,templates/plain.txt,applications/RA2/TN-688.txt,10,30
TN-689,RA2,Tamil Nadu,AD TOWN PANCHAYAT DINDIGUL,REVENUE AND DISASTER MANAGEMENT DEPARTMENT,Sub Office,f7d510c4b112fe52,rti_tamil_nadu,rti_meta,plain,en,no,templates/plain.txt,applications/RA2/TN-689.txt,10,30
TN-690,RA3,Tamil Nadu,"AD, TOWN PANCHAYAT",REVENUE AND DISASTER MANAGEMENT DEPARTMENT,Sub Office,67623a36a6af8fd8,rti_tamil_nadu,rti_meta,plain,en,no,templates/plain.txt,applications/RA3/TN-690.txt,10,30
TN-691,RA3,Tamil Nadu,ADDITIONAL PERSONA ASSISTANT(LAND),REVENUE AND DISASTER MANAGEMENT DEPARTMENT,Sub Office,f738e7116ee7bac4,rti_tamil_nadu,rti_meta,plain,en,no,templates/plain.txt,applications/RA3/TN-691.txt,10,30
TN-692,RA3,Tamil Nadu,"ASSISTANT DIRECTOR OF SURVEY AND LAND RECORDS, THIRUVARUR",REVENUE AND DISASTER MANAGEMENT DEPARTMENT,Sub Office,1a8e2e455163e710,rti_tamil_nadu,rti_meta,plain,en,no,templates/plain.txt,applications/RA3/TN-692.txt,10,30
TN-693,RA3,Tamil Nadu,"COMMISSIONER, CORPORATION, ERODE",REVENUE AND DISASTER MANAGEMENT DEPARTMENT,Sub Office,c6ad7a9b76efc254,rti_tamil_nadu,rti_meta,plain,en,no,templates/plain.txt,applications/RA3/TN-693.txt,10,30
TN-694,RA3,Tamil Nadu,"REVENUE DIVISIONAL OFFICE, KARUR",REVENUE AND DISASTER MANAGEMENT DEPARTMENT,Sub Office,76f4f6342121c085,rti_tamil_nadu,rti_meta,legal_salience,en,no,templates/legal_salience.txt,applications/RA3/TN-694.txt,10,30
TN-695,RA4,Tamil Nadu,"REVENUE DIVISIONAL OFFICE, MADURAI",REVENUE AND DISASTER MANAGEMENT DEPARTMENT,Sub Office,74e294e9bee94932,rti_tamil_nadu,rti_meta,legal_salience,en,no,templates/legal_salience.txt,applications/RA4/TN-695.txt,10,30
TN-696,RA4,Tamil Nadu,"REVENUE DIVISIONAL OFFICE, THOOTHUKUDI",REVENUE AND DISASTER MANAGEMENT DEPARTMENT,Sub Office,8d5f80dc9f29724f,rti_tamil_nadu,rti_meta,plain,en,no,templates/plain.txt,applications/RA4/TN-696.txt,10,30
TN-697,RA3,Tamil Nadu,"SUPERINTENDENT OF POLICE, SIVAGANGAI DISTRICT",REVENUE AND DISASTER MANAGEMENT DEPARTMENT,Sub Office,f6bc2f0d104366c1,rti_tamil_nadu,rti_meta,legal_salience,en,no,templates/legal_salience.txt,applications/RA3/TN-697.txt,10,30
TN-698,RA1,Tamil Nadu,TALUK OFFICE PARAMAKUDI,REVENUE AND DISASTER MANAGEMENT DEPARTMENT,Sub Office,db4ffd15dd205c7e,rti_tamil_nadu,rti_meta,plain,en,no,templates/plain.txt,applications/RA1/TN-698.txt,10,30
TN-699,RA1,Tamil Nadu,"TALUK SUPPLY OFFICE, GUDALUR",REVENUE AND DISASTER MANAGEMENT DEPARTMENT,Sub Office,b930d191508f8dfd,rti_tamil_nadu,rti_meta,plain,en,no,templates/plain.txt,applications/RA1/TN-699.txt,10,30
TN-700,RA1,Tamil Nadu,TNHB- COIMBATORE HOUSING UNIT,REVENUE AND DISASTER MANAGEMENT DEPARTMENT,Sub Office,4c35568fbb1ebe05,rti_tamil_nadu,rti_meta,plain,en,no,templates/plain.txt,applications/RA1/TN-700.txt,10,30
TN-701,RA4,Tamil Nadu,"ASSISTSNT COMMISSIONER OF LABOUR OFFICE ,CONCILIATION ,COIMBATORE",REVENUE AND DISASTER MANAGEMENT DEPARTMENT,Sub Office,14ed4d209491e657,rti_tamil_nadu,rti_meta,plain,en,no,templates/plain.txt,applications/RA4/TN-701.txt,10,30
TN-702,RA2,Tamil Nadu,"DEPUTY INSPECTOR OF SURVEY, TALUK OFFICE, THANJAVUR",REVENUE AND DISASTER MANAGEMENT DEPARTMENT,Sub Office,e25c500c8edddaa0,rti_tamil_nadu,rti_meta,legal_salience,en,no,templates/legal_salience.txt,applications/RA2/TN-702.txt,10,30
TN-703,RA1,Tamil Nadu,"TALUK OFFICE ,TIRUCHENDUR",REVENUE AND DISASTER MANAGEMENT DEPARTMENT,Sub Office,acfb2dc242ed8fd7,rti_tamil_nadu,rti_meta,legal_salience,en,no,templates/legal_salience.txt,applications/RA1/TN-703.txt,10,30
TN-704,RA1,Tamil Nadu,"TALUK OFFICE THIRUPPATHUR ,SIVAGANGAI DISTRICT",REVENUE AND DISASTER MANAGEMENT DEPARTMENT,Sub Office,352ee1fe18b9d19d,rti_tamil_nadu,rti_meta,legal_salience,en,no,templates/legal_salience.txt,applications/RA1/TN-704.txt,10,30
TN-705,RA4,Tamil Nadu,"TALUK OFFICE, ANCHETTY",REVENUE AND DISASTER MANAGEMENT DEPARTMENT,Sub Office,57a3ba5358289894,rti_tamil_nadu,rti_meta,plain,en,no,templates/plain.txt,applications/RA4/TN-705.txt,10,30
TN-706,RA2,Tamil Nadu,"TALUK OFFICE, BUDALUR",REVENUE AND DISASTER MANAGEMENT DEPARTMENT,Sub Office,7c7dc059c269f05f,rti_tamil_nadu,rti_meta,legal_salience,en,no,templates/legal_salience.txt,applications/RA2/TN-706.txt,10,30
TN-707,RA4,Tamil Nadu,"TALUK OFFICE, ERAL",REVENUE AND DISASTER MANAGEMENT DEPARTMENT,Sub Office,299ffc027be9c528,rti_tamil_nadu,rti_meta,plain,en,no,templates/plain.txt,applications/RA4/TN-707.txt,10,30
TN-708,RA1,Tamil Nadu,"TALUK OFFICE, PALACODE",REVENUE AND DISASTER MANAGEMENT DEPARTMENT,Sub Office,20b3135fd763b63f,rti_tamil_nadu,rti_meta,plain,en,no,templates/plain.txt,applications/RA1/TN-708.txt,10,30
TN-709,RA3,Tamil Nadu,"TALUK OFFICE, VALPARAI, COIMBATORE DIST",REVENUE AND DISASTER MANAGEMENT DEPARTMENT,Sub Office,1de5bda75fbc3dca,rti_tamil_nadu,rti_meta,plain,en,no,templates/plain.txt,applications/RA3/TN-709.txt,10,30
TN-710,RA2,Tamil Nadu,"TALUK OFFICE, VEDASANDUR",REVENUE AND DISASTER MANAGEMENT DEPARTMENT,Sub Office,fab0f4dd146cf555,rti_tamil_nadu,rti_meta,plain,en,no,templates/plain.txt,applications/RA2/TN-710.txt,10,30
TN-711,RA2,Tamil Nadu,"TALUK OFFICE, VILAVANCODE",REVENUE AND DISASTER MANAGEMENT DEPARTMENT,Sub Office,e0d67e82eac8fd0f,rti_tamil_nadu,rti_meta,plain,en,no,templates/plain.txt,applications/RA2/TN-711.txt,10,30
TN-712,RA4,Tamil Nadu,RURAL DEVELOPMENT AND PANCHAYAT RAJ DEPARTMENT,RURAL DEVELOPMENT AND PANCHAYAT RAJ DEPARTMENT,Department,5196f3be594c2246,rti_tamil_nadu,rti_meta,plain,en,no,templates/plain.txt,applications/RA4/TN-712.txt,10,30
TN-713,RA3,Tamil Nadu,DIRECTORATE OF RURAL DEVELOPMENT AND PANCHAYAT RAJ DEPARTMENT,RURAL DEVELOPMENT AND PANCHAYAT RAJ DEPARTMENT,Head of Department,30e1059070fb835f,rti_tamil_nadu,rti_meta,plain,en,no,templates/plain.txt,applications/RA3/TN-713.txt,10,30
TN-714,RA2,Tamil Nadu,STATE INSTITUTE OF RURAL DEVELOPMENT AND PANCHAYAT RAJ,RURAL DEVELOPMENT AND PANCHAYAT RAJ DEPARTMENT,Head of Department,c4d765e17db0e484,rti_tamil_nadu,rti_meta,plain,en,no,templates/plain.txt,applications/RA2/TN-714.txt,10,30
TN-715,RA1,Tamil Nadu,TAMIL NADU STATE ELECTION COMMISSION,RURAL DEVELOPMENT AND PANCHAYAT RAJ DEPARTMENT,Head of Department,bb3b675bd42c657a,rti_tamil_nadu,rti_meta,plain,en,no,templates/plain.txt,applications/RA1/TN-715.txt,10,30
TN-716,RA4,Tamil Nadu,VAZHNADHU KATTUOM PROJECT (TNRTP)),RURAL DEVELOPMENT AND PANCHAYAT RAJ DEPARTMENT,Head of Department,e00ff0ec25d536aa,rti_tamil_nadu,rti_meta,legal_salience,en,no,templates/legal_salience.txt,applications/RA4/TN-716.txt,10,30
TN-717,RA4,Tamil Nadu,PERSONAL ASSISTANT TO COLLECTOR (DEVELOPMENT) (CHENGALPATTU),RURAL DEVELOPMENT AND PANCHAYAT RAJ DEPARTMENT,Sub Office,cae41140cb3bb037,rti_tamil_nadu,rti_meta,plain,en,no,templates/plain.txt,applications/RA4/TN-717.txt,10,30
TN-718,RA2,Tamil Nadu,PERSONAL ASSISTANT TO COLLECTOR (DEVELOPMENT) (SIVAGANGAI),RURAL DEVELOPMENT AND PANCHAYAT RAJ DEPARTMENT,Sub Office,dd500fe9f1a5be83,rti_tamil_nadu,rti_meta,plain,en,no,templates/plain.txt,applications/RA2/TN-718.txt,10,30
TN-719,RA2,Tamil Nadu,ASSISTANT DIRECTOR (AUDIT) (DHARMAPURI),RURAL DEVELOPMENT AND PANCHAYAT RAJ DEPARTMENT,Sub Office,e681bc49ff067312,rti_tamil_nadu,rti_meta,legal_salience,en,no,templates/legal_salience.txt,applications/RA2/TN-719.txt,10,30
TN-720,RA2,Tamil Nadu,ASSISTANT DIRECTOR (PANCHAYAT) (DHARMAPURI),RURAL DEVELOPMENT AND PANCHAYAT RAJ DEPARTMENT,Sub Office,dff89fcfeb170b1a,rti_tamil_nadu,rti_meta,plain,en,no,templates/plain.txt,applications/RA2/TN-720.txt,10,30
TN-721,RA2,Tamil Nadu,BLOCK DEVELOPMENT OFFICE (ADMIN) (MINJUR),RURAL DEVELOPMENT AND PANCHAYAT RAJ DEPARTMENT,Sub Office,5a3723399f860f39,rti_tamil_nadu,rti_meta,legal_salience,en,no,templates/legal_salience.txt,applications/RA2/TN-721.txt,10,30
TN-722,RA4,Tamil Nadu,"BLOCK DEVELOPMENT OFFICE (BLOCK PANCHAYAT), NAMAGIRIPET, NAMAKKAL",RURAL DEVELOPMENT AND PANCHAYAT RAJ DEPARTMENT,Sub Office,6aa03f3ff90e85fe,rti_tamil_nadu,rti_meta,plain,en,no,templates/plain.txt,applications/RA4/TN-722.txt,10,30
TN-723,RA3,Tamil Nadu,BLOCK DEVELOPMENT OFFICE (GENERAL) (KUDAVAASAL),RURAL DEVELOPMENT AND PANCHAYAT RAJ DEPARTMENT,Sub Office,220c5ec2945df6cd,rti_tamil_nadu,rti_meta,plain,en,no,templates/plain.txt,applications/RA3/TN-723.txt,10,30
TN-724,RA4,Tamil Nadu,BLOCK DEVELOPMENT OFFICE (GENERAL) (MANNARGUDI),RURAL DEVELOPMENT AND PANCHAYAT RAJ DEPARTMENT,Sub Office,45fb6df38cc1c10a,rti_tamil_nadu,rti_meta,legal_salience,en,no,templates/legal_salience.txt,applications/RA4/TN-724.txt,10,30
TN-725,RA1,Tamil Nadu,BLOCK DEVELOPMENT OFFICE (GENERAL) (MERKANAM),RURAL DEVELOPMENT AND PANCHAYAT RAJ DEPARTMENT,Sub Office,00fa307f05deacb0,rti_tamil_nadu,rti_meta,plain,en,no,templates/plain.txt,applications/RA1/TN-725.txt,10,30
TN-726,RA3,Tamil Nadu,BLOCK DEVELOPMENT OFFICE (GENERAL) (POLUR),RURAL DEVELOPMENT AND PANCHAYAT RAJ DEPARTMENT,Sub Office,89e462dc332d2e8a,rti_tamil_nadu,rti_meta,plain,en,no,templates/plain.txt,applications/RA3/TN-726.txt,10,30
TN-727,RA1,Tamil Nadu,BLOCK DEVELOPMENT OFFICE (KALAYARKOIL)(PANCHAYAT),RURAL DEVELOPMENT AND PANCHAYAT RAJ DEPARTMENT,Sub Office,b115bb43755333cd,rti_tamil_nadu,rti_meta,legal_salience,en,no,templates/legal_salience.txt,applications/RA1/TN-727.txt,10,30
TN-728,RA1,Tamil Nadu,BLOCK DEVELOPMENT OFFICE (KANNANGUDI)(PANCHAYAT),RURAL DEVELOPMENT AND PANCHAYAT RAJ DEPARTMENT,Sub Office,ad71717b32fcaba4,rti_tamil_nadu,rti_meta,plain,en,no,templates/plain.txt,applications/RA1/TN-728.txt,10,30
TN-729,RA2,Tamil Nadu,BLOCK DEVELOPMENT OFFICE (MANAMELKUDI)(PANCHAYAT),RURAL DEVELOPMENT AND PANCHAYAT RAJ DEPARTMENT,Sub Office,367ebe9740b04640,rti_tamil_nadu,rti_meta,plain,en,no,templates/plain.txt,applications/RA2/TN-729.txt,10,30
TN-730,RA1,Tamil Nadu,BLOCK DEVELOPMENT OFFICE (PANCHAYAT) (BARGUR),RURAL DEVELOPMENT AND PANCHAYAT RAJ DEPARTMENT,Sub Office,f6cb92d1ebbe1835,rti_tamil_nadu,rti_meta,plain,en,no,templates/plain.txt,applications/RA1/TN-730.txt,10,30
TN-731,RA3,Tamil Nadu,BLOCK DEVELOPMENT OFFICE (PANCHAYAT) (KALLAKURICHI),RURAL DEVELOPMENT AND PANCHAYAT RAJ DEPARTMENT,Sub Office,f33504a89f8733a2,rti_tamil_nadu,rti_meta,plain,en,no,templates/plain.txt,applications/RA3/TN-731.txt,10,30
TN-732,RA4,Tamil Nadu,BLOCK DEVELOPMENT OFFICE (PANCHAYAT) (MERKANAM),RURAL DEVELOPMENT AND PANCHAYAT RAJ DEPARTMENT,Sub Office,c76c7d6894a0933e,rti_tamil_nadu,rti_meta,plain,en,no,templates/plain.txt,applications/RA4/TN-732.txt,10,30
TN-733,RA3,Tamil Nadu,BLOCK DEVELOPMENT OFFICE (PANCHAYAT) (TALAVADI),RURAL DEVELOPMENT AND PANCHAYAT RAJ DEPARTMENT,Sub Office,6ed174dd3f0c0f51,rti_tamil_nadu,rti_meta,legal_salience,en,no,templates/legal_salience.txt,applications/RA3/TN-733.txt,10,30
TN-734,RA1,Tamil Nadu,BLOCK DEVELOPMENT OFFICE (PANCHAYAT) (VEMBAKKAM),RURAL DEVELOPMENT AND PANCHAYAT RAJ DEPARTMENT,Sub Office,f1abef1f605dd7c4,rti_tamil_nadu,rti_meta,plain,en,no,templates/plain.txt,applications/RA1/TN-734.txt,10,30
TN-735,RA4,Tamil Nadu,BLOCK DEVELOPMENT OFFICE (PANCHAYAT)(CHINNASALEM),RURAL DEVELOPMENT AND PANCHAYAT RAJ DEPARTMENT,Sub Office,3a77795e52ad6d2e,rti_tamil_nadu,rti_meta,legal_salience,en,no,templates/legal_salience.txt,applications/RA4/TN-735.txt,10,30
TN-736,RA2,Tamil Nadu,BLOCK DEVELOPMENT OFFICE (SCHEME) (ACHARAPAKKAM),RURAL DEVELOPMENT AND PANCHAYAT RAJ DEPARTMENT,Sub Office,715b8144dedf3b87,rti_tamil_nadu,rti_meta,plain,en,no,templates/plain.txt,applications/RA2/TN-736.txt,10,30
TN-737,RA1,Tamil Nadu,"BLOCK DEVELOPMENT OFFICE (VILLAGE PANCHAYAT), PARAMATHI, NAMAKKAL",RURAL DEVELOPMENT AND PANCHAYAT RAJ DEPARTMENT,Sub Office,65e49abcc66efff8,rti_tamil_nadu,rti_meta,legal_salience,en,no,templates/legal_salience.txt,applications/RA1/TN-737.txt,10,30
TN-738,RA3,Tamil Nadu,"BLOCK DEVELOPMENT OFFICE(VILLAGE PANCHAYAT), KURINJIPADI",RURAL DEVELOPMENT AND PANCHAYAT RAJ DEPARTMENT,Sub Office,2906665328463421,rti_tamil_nadu,rti_meta,legal_salience,en,no,templates/legal_salience.txt,applications/RA3/TN-738.txt,10,30
TN-739,RA4,Tamil Nadu,"BLOCK DEVELOPMENT OFFICE(VILLAGE PANCHAYAT), PARANGIPETTAI",RURAL DEVELOPMENT AND PANCHAYAT RAJ DEPARTMENT,Sub Office,d2fd0642841b7b34,rti_tamil_nadu,rti_meta,plain,en,no,templates/plain.txt,applications/RA4/TN-739.txt,10,30
TN-740,RA3,Tamil Nadu,"BLOCK DEVELOPMENT OFFICE(VILLAGE PANCHAYAT), VRIDHACHALAM",RURAL DEVELOPMENT AND PANCHAYAT RAJ DEPARTMENT,Sub Office,25a3d9341f46e6d3,rti_tamil_nadu,rti_meta,plain,en,no,templates/plain.txt,applications/RA3/TN-740.txt,10,30
TN-741,RA1,Tamil Nadu,DISTRICT PANCHAYAT OFFICE (VILLUPURAM),RURAL DEVELOPMENT AND PANCHAYAT RAJ DEPARTMENT,Sub Office,665571127ed4ab19,rti_tamil_nadu,rti_meta,plain,en,no,templates/plain.txt,applications/RA1/TN-741.txt,10,30
TN-742,RA4,Tamil Nadu,DISTRICT RURAL DEVELOPMENT AGENCY (SALEM),RURAL DEVELOPMENT AND PANCHAYAT RAJ DEPARTMENT,Sub Office,0cf1b9a5c41320f8,rti_tamil_nadu,rti_meta,plain,en,no,templates/plain.txt,applications/RA4/TN-742.txt,10,30
TN-743,RA2,Tamil Nadu,SCHOOL EDUCATION DEPARTMENT,SCHOOL EDUCATION DEPARTMENT,Department,34f8e87512636863,rti_tamil_nadu,rti_meta,plain,en,no,templates/plain.txt,applications/RA2/TN-743.txt,10,30
TN-744,RA1,Tamil Nadu,DIRECTOR OF NON FORMAL AND ADULT EDUCATION,SCHOOL EDUCATION DEPARTMENT,Head of Department,18fd88e47612d50d,rti_tamil_nadu,rti_meta,legal_salience,en,no,templates/legal_salience.txt,applications/RA1/TN-744.txt,10,30
TN-745,RA1,Tamil Nadu,"DIRECTORATE OF PUBLIC LIBRARIES, CHENNAI",SCHOOL EDUCATION DEPARTMENT,Head of Department,fe581dc3a6faf51b,rti_tamil_nadu,rti_meta,plain,en,no,templates/plain.txt,applications/RA1/TN-745.txt,10,30
TN-746,RA3,Tamil Nadu,SAMAGRA SHIKSHA,SCHOOL EDUCATION DEPARTMENT,Head of Department,e40147fbc8172a9f,rti_tamil_nadu,rti_meta,plain,en,no,templates/plain.txt,applications/RA3/TN-746.txt,10,30
TN-747,RA4,Tamil Nadu,TAMIL NADU TEXT BOOK AND EDUCATIONAL SERVICES CORPORATION,SCHOOL EDUCATION DEPARTMENT,Head of Department,5a7323f51a352703,rti_tamil_nadu,rti_meta,plain,en,no,templates/plain.txt,applications/RA4/TN-747.txt,10,30
TN-748,RA3,Tamil Nadu,BLOCK EDUCATIONAL OFFICE KOLIYANUR,SCHOOL EDUCATION DEPARTMENT,Sub Office,6f4696c27e36040e,rti_tamil_nadu,rti_meta,plain,en,no,templates/plain.txt,applications/RA3/TN-748.txt,10,30
TN-749,RA3,Tamil Nadu,"DISTRICT ELEMENTARY EDUCATION OFFICE,MAYILADUTHURAI",SCHOOL EDUCATION DEPARTMENT,Sub Office,45cbfb87268c5d4c,rti_tamil_nadu,rti_meta,plain,en,no,templates/plain.txt,applications/RA3/TN-749.txt,10,30
TN-750,RA4,Tamil Nadu,"DISTRICT ELEMENTARY EDUCATION OFFICE,RAMANATHAPURAM",SCHOOL EDUCATION DEPARTMENT,Sub Office,1361e2c95072085a,rti_tamil_nadu,rti_meta,legal_salience,en,no,templates/legal_salience.txt,applications/RA4/TN-750.txt,10,30
TN-751,RA4,Tamil Nadu,"AIDED HIGHER SECONDARY SCHOOL, MELNARIYAPPANUR",SCHOOL EDUCATION DEPARTMENT,Sub Office,e32fcb9692ad7a5a,rti_tamil_nadu,rti_meta,plain,en,no,templates/plain.txt,applications/RA4/TN-751.txt,10,30
TN-752,RA4,Tamil Nadu,"AIDED HIGHER SECONDARY SCHOOL,VISHNUPURAM",SCHOOL EDUCATION DEPARTMENT,Sub Office,28c0f06cd09622c0,rti_tamil_nadu,rti_meta,plain,en,no,templates/plain.txt,applications/RA4/TN-752.txt,10,30
TN-753,RA2,Tamil Nadu,AMSI HIGH SCHOOL,SCHOOL EDUCATION DEPARTMENT,Sub Office,191a4e69fa9720ba,rti_tamil_nadu,rti_meta,plain,en,no,templates/plain.txt,applications/RA2/TN-753.txt,10,30
TN-754,RA1,Tamil Nadu,"ARIGNAR ANNA (AA) GOVERNMENT HIGHER SECONDARY SCHOOL, PACHAPERUMALPATTY",SCHOOL EDUCATION DEPARTMENT,Sub Office,74061918d7aa7214,rti_tamil_nadu,rti_meta,legal_salience,en,no,templates/legal_salience.txt,applications/RA1/TN-754.txt,10,30
TN-755,RA2,Tamil Nadu,"CORPORATION GIRLS HIGHER SECONDARY SCHOOL, R S PURAM WEST, COIMBATORE",SCHOOL EDUCATION DEPARTMENT,Sub Office,9f96ba5d15cb3575,rti_tamil_nadu,rti_meta,plain,en,no,templates/plain.txt,applications/RA2/TN-755.txt,10,30
TN-756,RA3,Tamil Nadu,CSI - HIGH SCHOOL NONSUCH,SCHOOL EDUCATION DEPARTMENT,Sub Office,2d4e0c2653fa8e08,rti_tamil_nadu,rti_meta,legal_salience,en,no,templates/legal_salience.txt,applications/RA3/TN-756.txt,10,30
TN-757,RA2,Tamil Nadu,"GOVERNMENT BOYS HIGHER SECONDARY SCHOOL, KANNAMANGALAM",SCHOOL EDUCATION DEPARTMENT,Sub Office,042a0650b4ae3c63,rti_tamil_nadu,rti_meta,legal_salience,en,no,templates/legal_salience.txt,applications/RA2/TN-757.txt,10,30
TN-758,RA3,Tamil Nadu,"GOVERNMENT GIRLS HIGHER SECONDARY SCHOOL, ACHARAPAKKAM",SCHOOL EDUCATION DEPARTMENT,Sub Office,fe00204452bbab64,rti_tamil_nadu,rti_meta,plain,en,no,templates/plain.txt,applications/RA3/TN-758.txt,10,30
TN-759,RA4,Tamil Nadu,"GOVERNMENT GIRLS HIGHER SECONDARY SCHOOL, ANAICUT",SCHOOL EDUCATION DEPARTMENT,Sub Office,8ed4b5bfc52953a5,rti_tamil_nadu,rti_meta,plain,en,no,templates/plain.txt,applications/RA4/TN-759.txt,10,30
TN-760,RA4,Tamil Nadu,"GOVERNMENT GIRLS HIGHER SECONDARY SCHOOL, ODDANCHATRAM",SCHOOL EDUCATION DEPARTMENT,Sub Office,879dd71c29e74a90,rti_tamil_nadu,rti_meta,legal_salience,en,no,templates/legal_salience.txt,applications/RA4/TN-760.txt,10,30
TN-761,RA4,Tamil Nadu,"GOVERNMENT GIRLS HIGHER SECONDARY SCHOOL, VEDASANDUR",SCHOOL EDUCATION DEPARTMENT,Sub Office,2d22a88d658ea103,rti_tamil_nadu,rti_meta,plain,en,no,templates/plain.txt,applications/RA4/TN-761.txt,10,30
TN-762,RA2,Tamil Nadu,GOVERNMENT HIGH SCHOOL ACHANUR,SCHOOL EDUCATION DEPARTMENT,Sub Office,8d8c42247d287475,rti_tamil_nadu,rti_meta,plain,en,no,templates/plain.txt,applications/RA2/TN-762.txt,10,30
TN-763,RA2,Tamil Nadu,GOVERNMENT HIGH SCHOOL KONGARAPATTU,SCHOOL EDUCATION DEPARTMENT,Sub Office,7301feaab6b524a5,rti_tamil_nadu,rti_meta,plain,en,no,templates/plain.txt,applications/RA2/TN-763.txt,10,30
TN-764,RA3,Tamil Nadu,GOVERNMENT HIGH SCHOOL PANDURANGANDODDI,SCHOOL EDUCATION DEPARTMENT,Sub Office,4440c25e676b09df,rti_tamil_nadu,rti_meta,legal_salience,en,no,templates/legal_salience.txt,applications/RA3/TN-764.txt,10,30
TN-765,RA4,Tamil Nadu,GOVERNMENT HIGH SCHOOL PERIYASEVALAI,SCHOOL EDUCATION DEPARTMENT,Sub Office,022714e2787f245a,rti_tamil_nadu,rti_meta,plain,en,no,templates/plain.txt,applications/RA4/TN-765.txt,10,30
TN-766,RA1,Tamil Nadu,GOVERNMENT HIGH SCHOOL PUDUKKADU GANDHINAGAR,SCHOOL EDUCATION DEPARTMENT,Sub Office,1b3a335f50fe7889,rti_tamil_nadu,rti_meta,plain,en,no,templates/plain.txt,applications/RA1/TN-766.txt,10,30
TN-767,RA1,Tamil Nadu,GOVERNMENT HIGH SCHOOL SENNAKUNAM,SCHOOL EDUCATION DEPARTMENT,Sub Office,4c67ea6bd1b34e68,rti_tamil_nadu,rti_meta,plain,en,no,templates/plain.txt,applications/RA1/TN-767.txt,10,30
TN-768,RA3,Tamil Nadu,GOVERNMENT HIGH SCHOOL VALLAM,SCHOOL EDUCATION DEPARTMENT,Sub Office,7d93798187bd9e73,rti_tamil_nadu,rti_meta,plain,en,no,templates/plain.txt,applications/RA3/TN-768.txt,10,30
TN-769,RA1,Tamil Nadu,GOVERNMENT HIGH SCHOOL VARAPPUR.,SCHOOL EDUCATION DEPARTMENT,Sub Office,749355f69af5ea43,rti_tamil_nadu,rti_meta,legal_salience,en,no,templates/legal_salience.txt,applications/RA1/TN-769.txt,10,30
TN-770,RA3,Tamil Nadu,"GOVERNMENT HIGH SCHOOL, AMBALAVANANPETTAI",SCHOOL EDUCATION DEPARTMENT,Sub Office,d0549fadcc908aa1,rti_tamil_nadu,rti_meta,plain,en,no,templates/plain.txt,applications/RA3/TN-770.txt,10,30
TN-771,RA3,Tamil Nadu,"GOVERNMENT HIGH SCHOOL, GULLAPURAM",SCHOOL EDUCATION DEPARTMENT,Sub Office,df6e04b2e5444d51,rti_tamil_nadu,rti_meta,plain,en,no,templates/plain.txt,applications/RA3/TN-771.txt,10,30
TN-772,RA3,Tamil Nadu,"GOVERNMENT HIGH SCHOOL, MELANALLUR",SCHOOL EDUCATION DEPARTMENT,Sub Office,3d4e0052ee25a281,rti_tamil_nadu,rti_meta,plain,en,no,templates/plain.txt,applications/RA3/TN-772.txt,10,30
TN-773,RA2,Tamil Nadu,"GOVERNMENT HIGH SCHOOL, MELKUMARAMANGALAM",SCHOOL EDUCATION DEPARTMENT,Sub Office,daf3e14c63087186,rti_tamil_nadu,rti_meta,legal_salience,en,no,templates/legal_salience.txt,applications/RA2/TN-773.txt,10,30
TN-774,RA4,Tamil Nadu,"GOVERNMENT HIGH SCHOOL, NALLANKULAM",SCHOOL EDUCATION DEPARTMENT,Sub Office,3440345bd6eb4465,rti_tamil_nadu,rti_meta,plain,en,no,templates/plain.txt,applications/RA4/TN-774.txt,10,30
TN-775,RA3,Tamil Nadu,"GOVERNMENT HIGH SCHOOL, ONAMBAKKAM",SCHOOL EDUCATION DEPARTMENT,Sub Office,5fcbe17f380c28ad,rti_tamil_nadu,rti_meta,plain,en,no,templates/plain.txt,applications/RA3/TN-775.txt,10,30
TN-776,RA2,Tamil Nadu,"GOVERNMENT HIGH SCHOOL, THIPPIREDDIHALLI",SCHOOL EDUCATION DEPARTMENT,Sub Office,d3a46228a6ae4483,rti_tamil_nadu,rti_meta,plain,en,no,templates/plain.txt,applications/RA2/TN-776.txt,10,30
TN-777,RA1,Tamil Nadu,"GOVERNMENT HIGH SCHOOL, THIRUKANDALAM",SCHOOL EDUCATION DEPARTMENT,Sub Office,50152e0d6853478b,rti_tamil_nadu,rti_meta,plain,en,no,templates/plain.txt,applications/RA1/TN-777.txt,10,30
TN-778,RA4,Tamil Nadu,"GOVERNMENT HIGH SCHOOL, THIRUVANDHIPURAM",SCHOOL EDUCATION DEPARTMENT,Sub Office,25c7038432c34328,rti_tamil_nadu,rti_meta,plain,en,no,templates/plain.txt,applications/RA4/TN-778.txt,10,30
TN-779,RA1,Tamil Nadu,"GOVERNMENT HIGH SCHOOL, VADAKKUTHITTAI",SCHOOL EDUCATION DEPARTMENT,Sub Office,d85868b215b7476b,rti_tamil_nadu,rti_meta,plain,en,no,templates/plain.txt,applications/RA1/TN-779.txt,10,30
TN-780,RA1,Tamil Nadu,"GOVERNMENT HIGH SCHOOL, VALASAIPATTI",SCHOOL EDUCATION DEPARTMENT,Sub Office,a572cec344cf0980,rti_tamil_nadu,rti_meta,legal_salience,en,no,templates/legal_salience.txt,applications/RA1/TN-780.txt,10,30
TN-781,RA2,Tamil Nadu,"GOVERNMENT HIGH SCHOOL, VANAVAREDDY",SCHOOL EDUCATION DEPARTMENT,Sub Office,8962a5e328627d95,rti_tamil_nadu,rti_meta,plain,en,no,templates/plain.txt,applications/RA2/TN-781.txt,10,30
TN-782,RA4,Tamil Nadu,"GOVERNMENT HIGH SCHOOL, VARIYOOR",SCHOOL EDUCATION DEPARTMENT,Sub Office,83a52f620bf9a373,rti_tamil_nadu,rti_meta,plain,en,no,templates/plain.txt,applications/RA4/TN-782.txt,10,30
TN-783,RA2,Tamil Nadu,"GOVERNMENT HIGH SCHOOL, VASIGOUNDANOOR",SCHOOL EDUCATION DEPARTMENT,Sub Office,62064b2f7b71b8d1,rti_tamil_nadu,rti_meta,plain,en,no,templates/plain.txt,applications/RA2/TN-783.txt,10,30
TN-784,RA1,Tamil Nadu,"GOVERNMENT HIGH SCHOOL, VETTUKKULAM",SCHOOL EDUCATION DEPARTMENT,Sub Office,02335ec1c66d4e91,rti_tamil_nadu,rti_meta,plain,en,no,templates/plain.txt,applications/RA1/TN-784.txt,10,30
TN-785,RA3,Tamil Nadu,"GOVERNMENT HIGH SCHOOL, VILLIWAKKAM",SCHOOL EDUCATION DEPARTMENT,Sub Office,d5b3b404b2b04aa3,rti_tamil_nadu,rti_meta,plain,en,no,templates/plain.txt,applications/RA3/TN-785.txt,10,30
TN-786,RA2,Tamil Nadu,"GOVERNMENT HIGH SCHOOL,SEETHAKKAMANGALAM",SCHOOL EDUCATION DEPARTMENT,Sub Office,1161cd05bf5739b3,rti_tamil_nadu,rti_meta,legal_salience,en,no,templates/legal_salience.txt,applications/RA2/TN-786.txt,10,30
TN-787,RA1,Tamil Nadu,GOVERNMENT HIGHER SECONDARY SCHOOL -PERUMAGALUR,SCHOOL EDUCATION DEPARTMENT,Sub Office,38f3e8f6cdc4f09e,rti_tamil_nadu,rti_meta,legal_salience,en,no,templates/legal_salience.txt,applications/RA1/TN-787.txt,10,30
TN-788,RA1,Tamil Nadu,GOVERNMENT HIGHER SECONDARY SCHOOL ATHIYURTHIRUKKAI,SCHOOL EDUCATION DEPARTMENT,Sub Office,30d7a9f1faf03a39,rti_tamil_nadu,rti_meta,plain,en,no,templates/plain.txt,applications/RA1/TN-788.txt,10,30
TN-789,RA1,Tamil Nadu,GOVERNMENT HIGHER SECONDARY SCHOOL ILLUPPUR,SCHOOL EDUCATION DEPARTMENT,Sub Office,5508c1cee2071812,rti_tamil_nadu,rti_meta,plain,en,no,templates/plain.txt,applications/RA1/TN-789.txt,10,30
TN-790,RA2,Tamil Nadu,GOVERNMENT HIGHER SECONDARY SCHOOL M.N.PATTI,SCHOOL EDUCATION DEPARTMENT,Sub Office,6401736b463347de,rti_tamil_nadu,rti_meta,plain,en,no,templates/plain.txt,applications/RA2/TN-790.txt,10,30
TN-791,RA2,Tamil Nadu,GOVERNMENT HIGHER SECONDARY SCHOOL MANALI,SCHOOL EDUCATION DEPARTMENT,Sub Office,1600689d9a19a3ba,rti_tamil_nadu,rti_meta,plain,en,no,templates/plain.txt,applications/RA2/TN-791.txt,10,30
TN-792,RA4,Tamil Nadu,GOVERNMENT HIGHER SECONDARY SCHOOL PALAYANOOR,SCHOOL EDUCATION DEPARTMENT,Sub Office,cc419a235c631f68,rti_tamil_nadu,rti_meta,plain,en,no,templates/plain.txt,applications/RA4/TN-792.txt,10,30
TN-793,RA2,Tamil Nadu,GOVERNMENT HIGHER SECONDARY SCHOOL SANGEETHAMANGALAM,SCHOOL EDUCATION DEPARTMENT,Sub Office,04064c1f9fbc3308,rti_tamil_nadu,rti_meta,legal_salience,en,no,templates/legal_salience.txt,applications/RA2/TN-793.txt,10,30
TN-794,RA1,Tamil Nadu,GOVERNMENT HIGHER SECONDARY SCHOOL VELLALAPATTI,SCHOOL EDUCATION DEPARTMENT,Sub Office,1111267b197f423b,rti_tamil_nadu,rti_meta,legal_salience,en,no,templates/legal_salience.txt,applications/RA1/TN-794.txt,10,30
TN-795,RA1,Tamil Nadu,GOVERNMENT HIGHER SECONDARY SCHOOL(B)CHATRAPATTI,SCHOOL EDUCATION DEPARTMENT,Sub Office,7fac5ccd429e2347,rti_tamil_nadu,rti_meta,plain,en,no,templates/plain.txt,applications/RA1/TN-795.txt,10,30
TN-796,RA4,Tamil Nadu,"GOVERNMENT HIGHER SECONDARY SCHOOL, ALAGIYANALLUR",SCHOOL EDUCATION DEPARTMENT,Sub Office,f8f7d03abf66d2f4,rti_tamil_nadu,rti_meta,plain,en,no,templates/plain.txt,applications/RA4/TN-796.txt,10,30
TN-797,RA3,Tamil Nadu,"GOVERNMENT HIGHER SECONDARY SCHOOL, ALANGANOOR",SCHOOL EDUCATION DEPARTMENT,Sub Office,4eae74430539a05b,rti_tamil_nadu,rti_meta,plain,en,no,templates/plain.txt,applications/RA3/TN-797.txt,10,30
TN-798,RA2,Tamil Nadu,"GOVERNMENT HIGHER SECONDARY SCHOOL, ATHANI",SCHOOL EDUCATION DEPARTMENT,Sub Office,9e82016402fbba07,rti_tamil_nadu,rti_meta,plain,en,no,templates/plain.txt,applications/RA2/TN-798.txt,10,30
TN-799,RA4,Tamil Nadu,"GOVERNMENT HIGHER SECONDARY SCHOOL, ATTAKATTI",SCHOOL EDUCATION DEPARTMENT,Sub Office,9e13aa70a06b548d,rti_tamil_nadu,rti_meta,plain,en,no,templates/plain.txt,applications/RA4/TN-799.txt,10,30
TN-800,RA2,Tamil Nadu,"GOVERNMENT HIGHER SECONDARY SCHOOL, DHARMAPURI ( FOR THE HEARING IMPAIRED)",SCHOOL EDUCATION DEPARTMENT,Sub Office,11de550b6801aa18,rti_tamil_nadu,rti_meta,plain,en,no,templates/plain.txt,applications/RA2/TN-800.txt,10,30
TN-801,RA3,Tamil Nadu,"GOVERNMENT HIGHER SECONDARY SCHOOL, IDUMBAVANAM",SCHOOL EDUCATION DEPARTMENT,Sub Office,fa8f37cf7643c58b,rti_tamil_nadu,rti_meta,legal_salience,en,no,templates/legal_salience.txt,applications/RA3/TN-801.txt,10,30
TN-802,RA1,Tamil Nadu,"GOVERNMENT HIGHER SECONDARY SCHOOL, JAKKASAMUDRAM",SCHOOL EDUCATION DEPARTMENT,Sub Office,f5b39844313fe33c,rti_tamil_nadu,rti_meta,legal_salience,en,no,templates/legal_salience.txt,applications/RA1/TN-802.txt,10,30
TN-803,RA3,Tamil Nadu,"GOVERNMENT HIGHER SECONDARY SCHOOL, KANDIGAI",SCHOOL EDUCATION DEPARTMENT,Sub Office,8c407dc49dbb59d4,rti_tamil_nadu,rti_meta,plain,en,no,templates/plain.txt,applications/RA3/TN-803.txt,10,30
TN-804,RA2,Tamil Nadu,"GOVERNMENT HIGHER SECONDARY SCHOOL, KANIYALAMPATTI",SCHOOL EDUCATION DEPARTMENT,Sub Office,0ec49f61ea060dab,rti_tamil_nadu,rti_meta,plain,en,no,templates/plain.txt,applications/RA2/TN-804.txt,10,30
TN-805,RA1,Tamil Nadu,"GOVERNMENT HIGHER SECONDARY SCHOOL, KASIPALAYAM (GOBI)",SCHOOL EDUCATION DEPARTMENT,Sub Office,701242e82ee82be1,rti_tamil_nadu,rti_meta,plain,en,no,templates/plain.txt,applications/RA1/TN-805.txt,10,30
TN-806,RA4,Tamil Nadu,"GOVERNMENT HIGHER SECONDARY SCHOOL, KOSUKURICHI",SCHOOL EDUCATION DEPARTMENT,Sub Office,75ea0baae174f9b0,rti_tamil_nadu,rti_meta,plain,en,no,templates/plain.txt,applications/RA4/TN-806.txt,10,30
TN-807,RA3,Tamil Nadu,"GOVERNMENT HIGHER SECONDARY SCHOOL, MELAPULIYUR",SCHOOL EDUCATION DEPARTMENT,Sub Office,2a2e12e18781c9b1,rti_tamil_nadu,rti_meta,plain,en,no,templates/plain.txt,applications/RA3/TN-807.txt,10,30
TN-808,RA2,Tamil Nadu,"GOVERNMENT HIGHER SECONDARY SCHOOL, NADAYANERI",SCHOOL EDUCATION DEPARTMENT,Sub Office,0ca9e91746f8a4e6,rti_tamil_nadu,rti_meta,legal_salience,en,no,templates/legal_salience.txt,applications/RA2/TN-808.txt,10,30
TN-809,RA2,Tamil Nadu,"GOVERNMENT HIGHER SECONDARY SCHOOL, THAMMANAICKANPATTI",SCHOOL EDUCATION DEPARTMENT,Sub Office,16c27a6fad8de903,rti_tamil_nadu,rti_meta,legal_salience,en,no,templates/legal_salience.txt,applications/RA2/TN-809.txt,10,30
TN-810,RA1,Tamil Nadu,"GOVERNMENT HIGHER SECONDARY SCHOOL, THENGAPATTANAM",SCHOOL EDUCATION DEPARTMENT,Sub Office,32cafb3de330ca65,rti_tamil_nadu,rti_meta,plain,en,no,templates/plain.txt,applications/RA1/TN-810.txt,10,30
TN-811,RA4,Tamil Nadu,"GOVERNMENT HIGHER SECONDARY SCHOOL,CHOLAVARAM",SCHOOL EDUCATION DEPARTMENT,Sub Office,bd3fb646645e0e5c,rti_tamil_nadu,rti_meta,plain,en,no,templates/plain.txt,applications/RA4/TN-811.txt,10,30
TN-812,RA4,Tamil Nadu,"GOVERNMENT HIGHER SECONDARY SCHOOL,KANJANAICKENPATTI",SCHOOL EDUCATION DEPARTMENT,Sub Office,6d9baae8a8796b09,rti_tamil_nadu,rti_meta,legal_salience,en,no,templates/legal_salience.txt,applications/RA4/TN-812.txt,10,30
TN-813,RA2,Tamil Nadu,"GOVERNMENT HIGHER SECONDARY SCHOOL,SIVADHAPURAM",SCHOOL EDUCATION DEPARTMENT,Sub Office,d6f83c1c52fab77e,rti_tamil_nadu,rti_meta,plain,en,no,templates/plain.txt,applications/RA2/TN-813.txt,10,30
TN-814,RA3,Tamil Nadu,GOVERNMENT MODEL HIGHER SECONDARY SCHOOL GETTICHEVIYUR G.D MAIN ROAD GETTICHEVIYUR.,SCHOOL EDUCATION DEPARTMENT,Sub Office,24ffb6046f355048,rti_tamil_nadu,rti_meta,plain,en,no,templates/plain.txt,applications/RA3/TN-814.txt,10,30
TN-815,RA2,Tamil Nadu,GOVERNMENT MODEL HIGHER SECONDARY SCHOOL SEENAPURAM,SCHOOL EDUCATION DEPARTMENT,Sub Office,d392ca9872a5f6e7,rti_tamil_nadu,rti_meta,plain,en,no,templates/plain.txt,applications/RA2/TN-815.txt,10,30
TN-816,RA2,Tamil Nadu,GOVERNMENT MODEL HIGHER SECONDARY SCHOOL-VENGARAI KOTTAIKKADU,SCHOOL EDUCATION DEPARTMENT,Sub Office,5271028c79a17016,rti_tamil_nadu,rti_meta,legal_salience,en,no,templates/legal_salience.txt,applications/RA2/TN-816.txt,10,30
TN-817,RA4,Tamil Nadu,GOVERNMENT.HIGH SCHOOL NADUVALUR,SCHOOL EDUCATION DEPARTMENT,Sub Office,438ad2357baa5580,rti_tamil_nadu,rti_meta,plain,en,no,templates/plain.txt,applications/RA4/TN-817.txt,10,30
TN-818,RA4,Tamil Nadu,"GOVERNMENT.HIGH SCHOOL, PULIYANKURICHI",SCHOOL EDUCATION DEPARTMENT,Sub Office,e6a9f73280ae048e,rti_tamil_nadu,rti_meta,plain,en,no,templates/plain.txt,applications/RA4/TN-818.txt,10,30
TN-819,RA1,Tamil Nadu,"GOVERNMENT.HIGH SCHOOL, RAMALINGAPURAM",SCHOOL EDUCATION DEPARTMENT,Sub Office,5bf2cc12b13c2f40,rti_tamil_nadu,rti_meta,plain,en,no,templates/plain.txt,applications/RA1/TN-819.txt,10,30
TN-820,RA1,Tamil Nadu,"GOVT. HIGHER SECONDARY SCHOOL, SATHAMBADI (B)",SCHOOL EDUCATION DEPARTMENT,Sub Office,10972640669a3e63,rti_tamil_nadu,rti_meta,plain,en,no,templates/plain.txt,applications/RA1/TN-820.txt,10,30
TN-821,RA4,Tamil Nadu,"INFANT JESUS HIGH SCHOOL, KAJAMALAI COLONY, TIRUCHIRAPPALLI",SCHOOL EDUCATION DEPARTMENT,Sub Office,186df6859c00b2c0,rti_tamil_nadu,rti_meta,legal_salience,en,no,templates/legal_salience.txt,applications/RA4/TN-821.txt,10,30
TN-822,RA1,Tamil Nadu,"MPL GIRLS HIGHER SECONDARY SCHOOL, CUMBUM",SCHOOL EDUCATION DEPARTMENT,Sub Office,3686fab3226b5624,rti_tamil_nadu,rti_meta,plain,en,no,templates/plain.txt,applications/RA1/TN-822.txt,10,30
TN-823,RA1,Tamil Nadu,"MUNICIPAL GIRLS GOVERNMENT MODEL HIGHER SECONDARY SCHOOL, TIRUVANNAMALAI",SCHOOL EDUCATION DEPARTMENT,Sub Office,e899f903126d1ba3,rti_tamil_nadu,rti_meta,legal_salience,en,no,templates/legal_salience.txt,applications/RA1/TN-823.txt,10,30
TN-824,RA2,Tamil Nadu,"RANGIEM SRI SIVAKAMI AMBAL HIGH SCHOOL,PUDUKKOTTAI",SCHOOL EDUCATION DEPARTMENT,Sub Office,4eb78492e6f9f2d1,rti_tamil_nadu,rti_meta,plain,en,no,templates/plain.txt,applications/RA2/TN-824.txt,10,30
TN-825,RA3,Tamil Nadu,"RAVLATHUL JANNAH ORIENTAL HIGH SCHOOL, ULUNDURPET",SCHOOL EDUCATION DEPARTMENT,Sub Office,6e9913382eb09f08,rti_tamil_nadu,rti_meta,plain,en,no,templates/plain.txt,applications/RA3/TN-825.txt,10,30
TN-826,RA3,Tamil Nadu,RTM LMS HIGHER SECONDARY SCHOOL VENKANJI,SCHOOL EDUCATION DEPARTMENT,Sub Office,0840c09c3e323d33,rti_tamil_nadu,rti_meta,plain,en,no,templates/plain.txt,applications/RA3/TN-826.txt,10,30
TN-827,RA4,Tamil Nadu,S.S.GOVT GIRLS HR SEC SCHOOL RAJAPALAYAM,SCHOOL EDUCATION DEPARTMENT,Sub Office,c8899b04ea21c0a7,rti_tamil_nadu,rti_meta,legal_salience,en,no,templates/legal_salience.txt,applications/RA4/TN-827.txt,10,30
TN-828,RA1,Tamil Nadu,"SARAH TUCKER HIGHER SECONDARY SCHOOL FOR GIRLS, PALAYAMKOTTAI",SCHOOL EDUCATION DEPARTMENT,Sub Office,2128919fe3f35286,rti_tamil_nadu,rti_meta,plain,en,no,templates/plain.txt,applications/RA1/TN-828.txt,10,30
TN-829,RA3,Tamil Nadu,"ST JUSTIN'S GIRLS HIGHER SECONDARYSCHOOL,SIVAGANGAI",SCHOOL EDUCATION DEPARTMENT,Sub Office,f50017ea0b4dc433,rti_tamil_nadu,rti_meta,plain,en,no,templates/plain.txt,applications/RA3/TN-829.txt,10,30
TN-830,RA3,Tamil Nadu,"ST MARY'S GIRLS HIGHER SECONDARYSCHOOL, DEVAKOTTAI",SCHOOL EDUCATION DEPARTMENT,Sub Office,d6aad5bc4b89583a,rti_tamil_nadu,rti_meta,legal_salience,en,no,templates/legal_salience.txt,applications/RA3/TN-830.txt,10,30
TN-831,RA3,Tamil Nadu,ST PHILOMINAL HIGHER SECONDARY SCHOOL KULUMUR,SCHOOL EDUCATION DEPARTMENT,Sub Office,760ccd9f75067ae2,rti_tamil_nadu,rti_meta,legal_salience,en,no,templates/legal_salience.txt,applications/RA3/TN-831.txt,10,30
TN-832,RA1,Tamil Nadu,"ST. ANTONY'S R.C. HIGH SCHOOL, SENGALANEERMALAI",SCHOOL EDUCATION DEPARTMENT,Sub Office,100a9f758b9e3751,rti_tamil_nadu,rti_meta,plain,en,no,templates/plain.txt,applications/RA1/TN-832.txt,10,30
TN-833,RA2,Tamil Nadu,"ST. FRANCIS XAVIER HIGH SCHOOL, LITTLE MOUNT",SCHOOL EDUCATION DEPARTMENT,Sub Office,bcdb5376b654f9c4,rti_tamil_nadu,rti_meta,plain,en,no,templates/plain.txt,applications/RA2/TN-833.txt,10,30
TN-834,RA1,Tamil Nadu,"ST. IGNATIUS CONVERT HIGHER SECONDARY SCHOOL, PALAYAMKOTTAI",SCHOOL EDUCATION DEPARTMENT,Sub Office,137b332f9ee2b900,rti_tamil_nadu,rti_meta,plain,en,no,templates/plain.txt,applications/RA1/TN-834.txt,10,30
TN-835,RA3,Tamil Nadu,"ST.ANNE'S GIRLS HIGHER SECONDARY SCHOOL,BROADWAY",SCHOOL EDUCATION DEPARTMENT,Sub Office,8d5944f1c4a72cf0,rti_tamil_nadu,rti_meta,legal_salience,en,no,templates/legal_salience.txt,applications/RA3/TN-835.txt,10,30
TN-836,RA4,Tamil Nadu,ST.FRANCIS XAVIER GIRLS HIGH SCHOOL -PANDALUR,SCHOOL EDUCATION DEPARTMENT,Sub Office,94986443d6dd36ad,rti_tamil_nadu,rti_meta,legal_salience,en,no,templates/legal_salience.txt,applications/RA4/TN-836.txt,10,30
TN-837,RA4,Tamil Nadu,ST.JOSEPH HIGH SCHOOL AROCKIANATHAPURAM,SCHOOL EDUCATION DEPARTMENT,Sub Office,a3903f89f688e347,rti_tamil_nadu,rti_meta,plain,en,no,templates/plain.txt,applications/RA4/TN-837.txt,10,30
TN-838,RA3,Tamil Nadu,"ST.JOSEPH'S GIRLS' HIGHER SECONDARY SCHOOL, DINDIGUL",SCHOOL EDUCATION DEPARTMENT,Sub Office,1472a49187dbc48a,rti_tamil_nadu,rti_meta,legal_salience,en,no,templates/legal_salience.txt,applications/RA3/TN-838.txt,10,30
TN-839,RA4,Tamil Nadu,"ST.MARY'S HIGHER SECONDARY SCHOOL, KALIYAL",SCHOOL EDUCATION DEPARTMENT,Sub Office,eb3bbf264c7a629e,rti_tamil_nadu,rti_meta,legal_salience,en,no,templates/legal_salience.txt,applications/RA4/TN-839.txt,10,30
TN-840,RA2,Tamil Nadu,"THE RAMASESHIER HIGHER SECONDARY SCHOOL, PATTAMADAI 627 453",SCHOOL EDUCATION DEPARTMENT,Sub Office,10c320ecf2178a9d,rti_tamil_nadu,rti_meta,plain,en,no,templates/plain.txt,applications/RA2/TN-840.txt,10,30
TN-841,RA3,Tamil Nadu,SOCIAL REFORMS DEPARTMENT,SOCIAL REFORMS DEPARTMENT,Department,596ebc0489a93b7c,rti_tamil_nadu,rti_meta,plain,en,no,templates/plain.txt,applications/RA3/TN-841.txt,10,30
TN-842,RA4,Tamil Nadu,SOCIAL JUSTICE MONITORING COMMITTEE,SOCIAL REFORMS DEPARTMENT,Head of Department,135720bb38d107bf,rti_tamil_nadu,rti_meta,plain,en,no,templates/plain.txt,applications/RA4/TN-842.txt,10,30
TN-843,RA1,Tamil Nadu,SOCIAL WELFARE AND WOMEN EMPOWERMENT DEPARTMENT,SOCIAL WELFARE AND WOMEN EMPOWERMENT DEPARTMENT,Department,673fec854f7b9992,rti_tamil_nadu,rti_meta,plain,en,no,templates/plain.txt,applications/RA1/TN-843.txt,10,30
TN-844,RA3,Tamil Nadu,"DIRECTORATE OF INTEGRATED CHILD DEVELOPMENT SERVICES, CHENNAI",SOCIAL WELFARE AND WOMEN EMPOWERMENT DEPARTMENT,Head of Department,b975a569dd8fdfe4,rti_tamil_nadu,rti_meta,plain,en,no,templates/plain.txt,applications/RA3/TN-844.txt,10,30
TN-845,RA2,Tamil Nadu,TAMIL NADU STATE WOMEN COMMISSION,SOCIAL WELFARE AND WOMEN EMPOWERMENT DEPARTMENT,Head of Department,429fbb249a51edb2,rti_tamil_nadu,rti_meta,plain,en,no,templates/plain.txt,applications/RA2/TN-845.txt,10,30
TN-846,RA2,Tamil Nadu,TAMILNADU WORKING WOMEN HOSTELS CORPORATION LTD,SOCIAL WELFARE AND WOMEN EMPOWERMENT DEPARTMENT,Head of Department,633433eef79e48e5,rti_tamil_nadu,rti_meta,legal_salience,en,no,templates/legal_salience.txt,applications/RA2/TN-846.txt,10,30
TN-847,RA4,Tamil Nadu,WIDOW WELFARE BOARD,SOCIAL WELFARE AND WOMEN EMPOWERMENT DEPARTMENT,Head of Department,ff0f6d73c7abb97c,rti_tamil_nadu,rti_meta,plain,en,no,templates/plain.txt,applications/RA4/TN-847.txt,10,30
TN-848,RA1,Tamil Nadu,"DISTRICT PROGRAMME OFFICE,MADURAI",SOCIAL WELFARE AND WOMEN EMPOWERMENT DEPARTMENT,Sub Office,88e711da0ec3ac5f,rti_tamil_nadu,rti_meta,legal_salience,en,no,templates/legal_salience.txt,applications/RA1/TN-848.txt,10,30
TN-849,RA1,Tamil Nadu,"DISTRICT PROGRAMME OFFICE,THANJAVUR",SOCIAL WELFARE AND WOMEN EMPOWERMENT DEPARTMENT,Sub Office,14bfe74971c3f48a,rti_tamil_nadu,rti_meta,plain,en,no,templates/plain.txt,applications/RA1/TN-849.txt,10,30
TN-850,RA1,Tamil Nadu,"DISTRICT PROGRAMME OFFICE,VELLORE",SOCIAL WELFARE AND WOMEN EMPOWERMENT DEPARTMENT,Sub Office,fb7b318af513ac50,rti_tamil_nadu,rti_meta,plain,en,no,templates/plain.txt,applications/RA1/TN-850.txt,10,30
TN-851,RA2,Tamil Nadu,"DISTRICT SOCIAL WELFARE OFFICE, CHENGALPATTU",SOCIAL WELFARE AND WOMEN EMPOWERMENT DEPARTMENT,Sub Office,eebc01d6f6bd67c9,rti_tamil_nadu,rti_meta,legal_salience,en,no,templates/legal_salience.txt,applications/RA2/TN-851.txt,10,30
TN-852,RA2,Tamil Nadu,"DISTRICT SOCIAL WELFARE OFFICE, KRISHNAGIRI",SOCIAL WELFARE AND WOMEN EMPOWERMENT DEPARTMENT,Sub Office,0723ebeeb666c1d4,rti_tamil_nadu,rti_meta,plain,en,no,templates/plain.txt,applications/RA2/TN-852.txt,10,30
TN-853,RA4,Tamil Nadu,"DISTRICT SOCIAL WELFARE OFFICE, THIRUVALLUR",SOCIAL WELFARE AND WOMEN EMPOWERMENT DEPARTMENT,Sub Office,5e5ef0e3a0db68f2,rti_tamil_nadu,rti_meta,plain,en,no,templates/plain.txt,applications/RA4/TN-853.txt,10,30
TN-854,RA3,Tamil Nadu,"DISTRICT SOCIAL WELFARE OFFICE, VIRUDHUNAGAR",SOCIAL WELFARE AND WOMEN EMPOWERMENT DEPARTMENT,Sub Office,60129e5f26974474,rti_tamil_nadu,rti_meta,plain,en,no,templates/plain.txt,applications/RA3/TN-854.txt,10,30
TN-855,RA2,Tamil Nadu,"CHILD DEVELOPEMENT PROJECT OFFICE, MANUR",SOCIAL WELFARE AND WOMEN EMPOWERMENT DEPARTMENT,Sub Office,91c1069c0a7647d7,rti_tamil_nadu,rti_meta,plain,en,no,templates/plain.txt,applications/RA2/TN-855.txt,10,30
TN-856,RA3,Tamil Nadu,CHILD DEVELOPMENT PROJECT OFFICE TIRUNAVALUR,SOCIAL WELFARE AND WOMEN EMPOWERMENT DEPARTMENT,Sub Office,a19ca8ca12d49c7a,rti_tamil_nadu,rti_meta,plain,en,no,templates/plain.txt,applications/RA3/TN-856.txt,10,30
TN-857,RA1,Tamil Nadu,"CHILD DEVELOPMENT PROJECT OFFICE, KANCHIPURAM (URBAN)",SOCIAL WELFARE AND WOMEN EMPOWERMENT DEPARTMENT,Sub Office,eab243dc3d6997f2,rti_tamil_nadu,rti_meta,plain,en,no,templates/plain.txt,applications/RA1/TN-857.txt,10,30
TN-858,RA4,Tamil Nadu,"CHILD DEVELOPMENT PROJECT OFFICE, KOTTUR",SOCIAL WELFARE AND WOMEN EMPOWERMENT DEPARTMENT,Sub Office,fd2e24aac598665a,rti_tamil_nadu,rti_meta,legal_salience,en,no,templates/legal_salience.txt,applications/RA4/TN-858.txt,10,30
TN-859,RA1,Tamil Nadu,"CHILD DEVELOPMENT PROJECT OFFICE, KURUVIKULAM",SOCIAL WELFARE AND WOMEN EMPOWERMENT DEPARTMENT,Sub Office,19ac8a2d22bc6ef0,rti_tamil_nadu,rti_meta,legal_salience,en,no,templates/legal_salience.txt,applications/RA1/TN-859.txt,10,30
TN-860,RA1,Tamil Nadu,"CHILD DEVELOPMENT PROJECT OFFICE, MODAKKURIHICHI",SOCIAL WELFARE AND WOMEN EMPOWERMENT DEPARTMENT,Sub Office,d4733165912c2d82,rti_tamil_nadu,rti_meta,plain,en,no,templates/plain.txt,applications/RA1/TN-860.txt,10,30
TN-861,RA2,Tamil Nadu,"CHILD DEVELOPMENT PROJECT OFFICE, NEEDAMANGALAM",SOCIAL WELFARE AND WOMEN EMPOWERMENT DEPARTMENT,Sub Office,117d80718cd6cfeb,rti_tamil_nadu,rti_meta,plain,en,no,templates/plain.txt,applications/RA2/TN-861.txt,10,30
TN-862,RA3,Tamil Nadu,"CHILD DEVELOPMENT PROJECT OFFICE, NEMILI",SOCIAL WELFARE AND WOMEN EMPOWERMENT DEPARTMENT,Sub Office,6501663dcd13f5aa,rti_tamil_nadu,rti_meta,plain,en,no,templates/plain.txt,applications/RA3/TN-862.txt,10,30
TN-863,RA4,Tamil Nadu,"CHILD DEVELOPMENT PROJECT OFFICE, PERNAMALLUR",SOCIAL WELFARE AND WOMEN EMPOWERMENT DEPARTMENT,Sub Office,153c6bbf45be67b3,rti_tamil_nadu,rti_meta,plain,en,no,templates/plain.txt,applications/RA4/TN-863.txt,10,30
TN-864,RA4,Tamil Nadu,"CHILD DEVELOPMENT PROJECT OFFICE, PETHANAICKANPALAYAM",SOCIAL WELFARE AND WOMEN EMPOWERMENT DEPARTMENT,Sub Office,b657bdfa7cee50d7,rti_tamil_nadu,rti_meta,plain,en,no,templates/plain.txt,applications/RA4/TN-864.txt,10,30
TN-865,RA2,Tamil Nadu,"CHILD DEVELOPMENT PROJECT OFFICE, R K PET",SOCIAL WELFARE AND WOMEN EMPOWERMENT DEPARTMENT,Sub Office,b91892643d98e199,rti_tamil_nadu,rti_meta,plain,en,no,templates/plain.txt,applications/RA2/TN-865.txt,10,30
TN-866,RA4,Tamil Nadu,"CHILD DEVELOPMENT PROJECT OFFICE, SANKARANKOVIL (RURAL)",SOCIAL WELFARE AND WOMEN EMPOWERMENT DEPARTMENT,Sub Office,c037b99cc1e3c66a,rti_tamil_nadu,rti_meta,legal_salience,en,no,templates/legal_salience.txt,applications/RA4/TN-866.txt,10,30
TN-867,RA3,Tamil Nadu,"CHILD DEVELOPMENT PROJECT OFFICE, VEDASANDUR",SOCIAL WELFARE AND WOMEN EMPOWERMENT DEPARTMENT,Sub Office,4006fcb4324d6554,rti_tamil_nadu,rti_meta,legal_salience,en,no,templates/legal_salience.txt,applications/RA3/TN-867.txt,10,30
TN-868,RA3,Tamil Nadu,"CHILD DEVELOPMENT PROJECT OFFICE,PERIYAKULAM",SOCIAL WELFARE AND WOMEN EMPOWERMENT DEPARTMENT,Sub Office,69cd4975d33a41af,rti_tamil_nadu,rti_meta,plain,en,no,templates/plain.txt,applications/RA3/TN-868.txt,10,30
TN-869,RA4,Tamil Nadu,"CHILD DEVELOPMENT PROJECT OFFICER, KURINJIPADI",SOCIAL WELFARE AND WOMEN EMPOWERMENT DEPARTMENT,Sub Office,a8427b201c9ed299,rti_tamil_nadu,rti_meta,plain,en,no,templates/plain.txt,applications/RA4/TN-869.txt,10,30
TN-870,RA3,Tamil Nadu,"CHILD PROJECT OFFICE,T.PALUR",SOCIAL WELFARE AND WOMEN EMPOWERMENT DEPARTMENT,Sub Office,d0821d7f330e0ca8,rti_tamil_nadu,rti_meta,legal_salience,en,no,templates/legal_salience.txt,applications/RA3/TN-870.txt,10,30
TN-871,RA1,Tamil Nadu,SPECIAL PROGRAMMES IMPLEMENTATION DEPARTMENT,SPECIAL PROGRAMMES IMPLEMENTATION DEPARTMENT,Department,f2f3bb8eb2ed925c,rti_tamil_nadu,rti_meta,plain,en,no,templates/plain.txt,applications/RA1/TN-871.txt,10,30
TN-872,RA3,Tamil Nadu,CLEAN TAMIL NADU COMPANY LIMITED,SPECIAL PROGRAMMES IMPLEMENTATION DEPARTMENT,Head of Department,a30a0ab7a32b8177,rti_tamil_nadu,rti_meta,plain,en,no,templates/plain.txt,applications/RA3/TN-872.txt,10,30
TN-873,RA2,Tamil Nadu,TAMIL NADU SKILL DEVELOPMENT CORPORATION,SPECIAL PROGRAMMES IMPLEMENTATION DEPARTMENT,Head of Department,86c41208e5670721,rti_tamil_nadu,rti_meta,legal_salience,en,no,templates/legal_salience.txt,applications/RA2/TN-873.txt,10,30
TN-874,RA2,Tamil Nadu,TAMIL NADU WOMEN EMPLOYMENT AND SAFETY PROJECT,SPECIAL PROGRAMMES IMPLEMENTATION DEPARTMENT,Head of Department,0124db2b3889dfa4,rti_tamil_nadu,rti_meta,plain,en,no,templates/plain.txt,applications/RA2/TN-874.txt,10,30
TN-875,RA4,Tamil Nadu,TAMIL DEVELOPMENT AND INFORMATION DEPARTMENT,TAMIL DEVELOPMENT AND INFORMATION DEPARTMENT,Department,481ae4de8e6ffa43,rti_tamil_nadu,rti_meta,plain,en,no,templates/plain.txt,applications/RA4/TN-875.txt,10,30
TN-876,RA2,Tamil Nadu,COMMISSIONERATE OF STATIONERY AND PRINTING,TAMIL DEVELOPMENT AND INFORMATION DEPARTMENT,Head of Department,b827e27a903c746a,rti_tamil_nadu,rti_meta,plain,en,no,templates/plain.txt,applications/RA2/TN-876.txt,10,30
TN-877,RA3,Tamil Nadu,INTERNATIONAL INSTITUTE OF TAMIL STUDIES,TAMIL DEVELOPMENT AND INFORMATION DEPARTMENT,Head of Department,6a2ec8cb15eaeedb,rti_tamil_nadu,rti_meta,legal_salience,en,no,templates/legal_salience.txt,applications/RA3/TN-877.txt,10,30
TN-878,RA1,Tamil Nadu,TAMIL DEVELOPMENT DEPARTMENT,TAMIL DEVELOPMENT AND INFORMATION DEPARTMENT,Head of Department,f0060e8e7c05f00a,rti_tamil_nadu,rti_meta,plain,en,no,templates/plain.txt,applications/RA1/TN-878.txt,10,30
TN-879,RA3,Tamil Nadu,THE DIRECTORATE OF TAMIL ETYMOLOGICAL DICTIONARY PROJECT,TAMIL DEVELOPMENT AND INFORMATION DEPARTMENT,Head of Department,d8d6902997eddbef,rti_tamil_nadu,rti_meta,plain,en,no,templates/plain.txt,applications/RA3/TN-879.txt,10,30
TN-880,RA1,Tamil Nadu,"GOVERNMENT BRANCH PRESS, TIRUPPUR",TAMIL DEVELOPMENT AND INFORMATION DEPARTMENT,Sub Office,7081a5e5c46dc73d,rti_tamil_nadu,rti_meta,plain,en,no,templates/plain.txt,applications/RA1/TN-880.txt,10,30
TN-881,RA1,Tamil Nadu,"GOVERNMENT BRANCH PRESS,, MADURAI",TAMIL DEVELOPMENT AND INFORMATION DEPARTMENT,Sub Office,c59f5468c0427794,rti_tamil_nadu,rti_meta,plain,en,no,templates/plain.txt,applications/RA1/TN-881.txt,10,30
TN-882,RA4,Tamil Nadu,"GOVERNMENT BRANCH PRESS,, TRICHY.",TAMIL DEVELOPMENT AND INFORMATION DEPARTMENT,Sub Office,b8cb4ab95910e1d0,rti_tamil_nadu,rti_meta,plain,en,no,templates/plain.txt,applications/RA4/TN-882.txt,10,30
TN-883,RA3,Tamil Nadu,"GOVERNMENT STATIONERY STORE, CHENNAI",TAMIL DEVELOPMENT AND INFORMATION DEPARTMENT,Sub Office,5cce78011db7db2b,rti_tamil_nadu,rti_meta,legal_salience,en,no,templates/legal_salience.txt,applications/RA3/TN-883.txt,10,30
TN-884,RA4,Tamil Nadu,"O/O DEPUTY DIRECTOR TAMIL DEVELOPMENT DEPARTMENT, MADURAI",TAMIL DEVELOPMENT AND INFORMATION DEPARTMENT,Sub Office,4b2872057d33430d,rti_tamil_nadu,rti_meta,plain,en,no,templates/plain.txt,applications/RA4/TN-884.txt,10,30
TN-885,RA2,Tamil Nadu,"O/O, ASSISTANT DIRECTOR, TAMIL DEVELOPMENT DEPARTMEN THENI",TAMIL DEVELOPMENT AND INFORMATION DEPARTMENT,Sub Office,309a7706ab5b2edd,rti_tamil_nadu,rti_meta,plain,en,no,templates/plain.txt,applications/RA2/TN-885.txt,10,30
TN-886,RA1,Tamil Nadu,"O/O, ASSISTANT DIRECTOR, TAMIL DEVELOPMENT DEPARTMENT, ARIYALUR",TAMIL DEVELOPMENT AND INFORMATION DEPARTMENT,Sub Office,03cf7ede480f92ae,rti_tamil_nadu,rti_meta,legal_salience,en,no,templates/legal_salience.txt,applications/RA1/TN-886.txt,10,30
TN-887,RA2,Tamil Nadu,"O/O, ASSISTANT DIRECTOR, TAMIL DEVELOPMENT DEPARTMENT, DHARMAPURI",TAMIL DEVELOPMENT AND INFORMATION DEPARTMENT,Sub Office,c9ec71600111b098,rti_tamil_nadu,rti_meta,plain,en,no,templates/plain.txt,applications/RA2/TN-887.txt,10,30
TN-888,RA2,Tamil Nadu,"O/O, ASSISTANT DIRECTOR, TAMIL DEVELOPMENT DEPARTMENT, KANCHEEPURAM",TAMIL DEVELOPMENT AND INFORMATION DEPARTMENT,Sub Office,46856a44c0885502,rti_tamil_nadu,rti_meta,legal_salience,en,no,templates/legal_salience.txt,applications/RA2/TN-888.txt,10,30
TN-889,RA4,Tamil Nadu,"O/O, ASSISTANT DIRECTOR, TAMIL DEVELOPMENT DEPARTMENT, KARUR",TAMIL DEVELOPMENT AND INFORMATION DEPARTMENT,Sub Office,6766ba68bd5edf9f,rti_tamil_nadu,rti_meta,plain,en,no,templates/plain.txt,applications/RA4/TN-889.txt,10,30
TN-890,RA3,Tamil Nadu,"O/O, ASSISTANT DIRECTOR, TAMIL DEVELOPMENT DEPARTMENT, KRISHNAGIRI",TAMIL DEVELOPMENT AND INFORMATION DEPARTMENT,Sub Office,c257a8f22ee017c4,rti_tamil_nadu,rti_meta,plain,en,no,templates/plain.txt,applications/RA3/TN-890.txt,10,30
TN-891,RA2,Tamil Nadu,"O/O, ASSISTANT DIRECTOR, TAMIL DEVELOPMENT DEPARTMENT, NILAGIRI",TAMIL DEVELOPMENT AND INFORMATION DEPARTMENT,Sub Office,b8335976f5c2c7b1,rti_tamil_nadu,rti_meta,plain,en,no,templates/plain.txt,applications/RA2/TN-891.txt,10,30
TN-892,RA4,Tamil Nadu,"O/O, ASSISTANT DIRECTOR, TAMIL DEVELOPMENT DEPARTMENT, THANJAVUR",TAMIL DEVELOPMENT AND INFORMATION DEPARTMENT,Sub Office,7f44b7447c5bcd74,rti_tamil_nadu,rti_meta,legal_salience,en,no,templates/legal_salience.txt,applications/RA4/TN-892.txt,10,30
TN-893,RA3,Tamil Nadu,"O/O, ASSISTANT DIRECTOR, TAMIL DEVELOPMENT DEPARTMENT, VIRUDHUNAGAR",TAMIL DEVELOPMENT AND INFORMATION DEPARTMENT,Sub Office,c29fcad13b2a018a,rti_tamil_nadu,rti_meta,plain,en,no,templates/plain.txt,applications/RA3/TN-893.txt,10,30
TN-894,RA1,Tamil Nadu,"O/O, ASSISTANT DIRECTOR, TAMIL DEVELOPMENT DEPARTMENT,PERAMBALUR-",TAMIL DEVELOPMENT AND INFORMATION DEPARTMENT,Sub Office,a8c8498f0d0a2024,rti_tamil_nadu,rti_meta,plain,en,no,templates/plain.txt,applications/RA1/TN-894.txt,10,30
TN-895,RA4,Tamil Nadu,"O/O, DEPUTY DIRECTOR, TAMIL DEVELOPMENT DEPARTMENT, , THIRUPPUR",TAMIL DEVELOPMENT AND INFORMATION DEPARTMENT,Sub Office,4c2c799e8f39c8e9,rti_tamil_nadu,rti_meta,plain,en,no,templates/plain.txt,applications/RA4/TN-895.txt,10,30
TN-896,RA1,Tamil Nadu,"O/O, DEPUTY DIRECTOR, TAMIL DEVELOPMENT DEPARTMENT, COIMBATORE",TAMIL DEVELOPMENT AND INFORMATION DEPARTMENT,Sub Office,60a34a2684094848,rti_tamil_nadu,rti_meta,plain,en,no,templates/plain.txt,applications/RA1/TN-896.txt,10,30
TN-897,RA1,Tamil Nadu,"O/O, DEPUTY DIRECTOR, TAMIL DEVELOPMENT DEPARTMENT, SALEM",TAMIL DEVELOPMENT AND INFORMATION DEPARTMENT,Sub Office,bb8fb66af08bbcec,rti_tamil_nadu,rti_meta,legal_salience,en,no,templates/legal_salience.txt,applications/RA1/TN-897.txt,10,30
TN-898,RA3,Tamil Nadu,"O/O. ASSISTANT DIRECTOR, TAMIL DEVELOPMENT DEPARTMENT, NAGAPPATINAM",TAMIL DEVELOPMENT AND INFORMATION DEPARTMENT,Sub Office,de39e1be45f8e898,rti_tamil_nadu,rti_meta,plain,en,no,templates/plain.txt,applications/RA3/TN-898.txt,10,30
TN-899,RA4,Tamil Nadu,"O/O. DEPUTY DIRECTOR, TAMIL DEVELOPMENT DEPARTMENT, THOOTHUKUDI -",TAMIL DEVELOPMENT AND INFORMATION DEPARTMENT,Sub Office,60f27bebdbfaac01,rti_tamil_nadu,rti_meta,legal_salience,en,no,templates/legal_salience.txt,applications/RA4/TN-899.txt,10,30
TN-900,RA2,Tamil Nadu,"TOURISM, CULTURE AND RELIGIOUS ENDOWMENTS DEPARTMENT","TOURISM, CULTURE AND RELIGIOUS ENDOWMENTS DEPARTMENT",Department,5d7f60687f6a0e15,rti_tamil_nadu,rti_meta,plain,en,no,templates/plain.txt,applications/RA2/TN-900.txt,10,30
TN-901,RA4,Tamil Nadu,DIRECTORATE OF ART AND CULTURE,"TOURISM, CULTURE AND RELIGIOUS ENDOWMENTS DEPARTMENT",Head of Department,0ce47a087925983c,rti_tamil_nadu,rti_meta,plain,en,no,templates/plain.txt,applications/RA4/TN-901.txt,10,30
TN-902,RA3,Tamil Nadu,DIRECTORATE OF GOVERNMENT MUSEUMS,"TOURISM, CULTURE AND RELIGIOUS ENDOWMENTS DEPARTMENT",Head of Department,a7fe58d8596ee215,rti_tamil_nadu,rti_meta,plain,en,no,templates/plain.txt,applications/RA3/TN-902.txt,10,30
TN-903,RA1,Tamil Nadu,TAMILNADU TOURISM DEVELOPMENT CORPORATION (HEAD OFFICE),"TOURISM, CULTURE AND RELIGIOUS ENDOWMENTS DEPARTMENT",Head of Department,a9c2ae00c1aabaa6,rti_tamil_nadu,rti_meta,plain,en,no,templates/plain.txt,applications/RA1/TN-903.txt,10,30
TN-904,RA2,Tamil Nadu,THE COMMISSIONER OF HINDU RELIGIOUS AND CHARITABLE ENDOWMENTS DEPARTME,"TOURISM, CULTURE AND RELIGIOUS ENDOWMENTS DEPARTMENT",Head of Department,2f432a9134fb3327,rti_tamil_nadu,rti_meta,legal_salience,en,no,templates/legal_salience.txt,applications/RA2/TN-904.txt,10,30
TN-905,RA2,Tamil Nadu,"AC EO OFFICE, ARULMIGU THIYAGARAJA SWAMY TEMPLE,CHENNAI","TOURISM, CULTURE AND RELIGIOUS ENDOWMENTS DEPARTMENT",Sub Office,5fa0008b834e710e,rti_tamil_nadu,rti_meta,plain,en,no,templates/plain.txt,applications/RA2/TN-905.txt,10,30
TN-906,RA1,Tamil Nadu,"AC EO OFFICE,ARULMIGU NAGANATHA SWAMY TEMPLE, THIRUNAGESWARAM","TOURISM, CULTURE AND RELIGIOUS ENDOWMENTS DEPARTMENT",Sub Office,3ea70dd96909d8db,rti_tamil_nadu,rti_meta,plain,en,no,templates/plain.txt,applications/RA1/TN-906.txt,10,30
TN-907,RA2,Tamil Nadu,"AC EO OFFICE,ARULMIGU SUGAVANESUWARAR TEMPLE, SALEM","TOURISM, CULTURE AND RELIGIOUS ENDOWMENTS DEPARTMENT",Sub Office,f5ae0ab95aa4edc5,rti_tamil_nadu,rti_meta,legal_salience,en,no,templates/legal_salience.txt,applications/RA2/TN-907.txt,10,30
TN-908,RA4,Tamil Nadu,"ARCHAEOLOGICAL DEPARTMENT, SUB OFFICE ARCOT","TOURISM, CULTURE AND RELIGIOUS ENDOWMENTS DEPARTMENT",Sub Office,86c89811fc4e0e6c,rti_tamil_nadu,rti_meta,plain,en,no,templates/plain.txt,applications/RA4/TN-908.txt,10,30
TN-909,RA2,Tamil Nadu,"DC EO OFFICE,ARULMIGU KAMAKSHI AMMAN TEMPLE, MANGADU","TOURISM, CULTURE AND RELIGIOUS ENDOWMENTS DEPARTMENT",Sub Office,c669eb28684821b4,rti_tamil_nadu,rti_meta,plain,en,no,templates/plain.txt,applications/RA2/TN-909.txt,10,30
TN-910,RA1,Tamil Nadu,"DEPARTMENT OF ARCHAEOLOGY, SUB OFFICE, RAMANATHAPURAM","TOURISM, CULTURE AND RELIGIOUS ENDOWMENTS DEPARTMENT",Sub Office,bc61d05d30d5ad40,rti_tamil_nadu,rti_meta,plain,en,no,templates/plain.txt,applications/RA1/TN-910.txt,10,30
TN-911,RA4,Tamil Nadu,"DEPARTMENT OF ARCHAEOLOGY, SUB OFFICE, THIRUKOVILUR","TOURISM, CULTURE AND RELIGIOUS ENDOWMENTS DEPARTMENT",Sub Office,018227fa3cd43e8e,rti_tamil_nadu,rti_meta,plain,en,no,templates/plain.txt,applications/RA4/TN-911.txt,10,30
TN-912,RA3,Tamil Nadu,GOVERNMENT COLLEGE OF FINE ARTS CHENNAI,"TOURISM, CULTURE AND RELIGIOUS ENDOWMENTS DEPARTMENT",Sub Office,b1464672bc047ac7,rti_tamil_nadu,rti_meta,plain,en,no,templates/plain.txt,applications/RA3/TN-912.txt,10,30
TN-913,RA2,Tamil Nadu,GOVERNMENT MUSEUM ARIYALUR,"TOURISM, CULTURE AND RELIGIOUS ENDOWMENTS DEPARTMENT",Sub Office,773374491e5081e4,rti_tamil_nadu,rti_meta,plain,en,no,templates/plain.txt,applications/RA2/TN-913.txt,10,30
TN-914,RA3,Tamil Nadu,GOVERNMENT MUSEUM PUDUKKOTTAI,"TOURISM, CULTURE AND RELIGIOUS ENDOWMENTS DEPARTMENT",Sub Office,c9efa7246a5d7706,rti_tamil_nadu,rti_meta,legal_salience,en,no,templates/legal_salience.txt,applications/RA3/TN-914.txt,10,30
TN-915,RA3,Tamil Nadu,GOVERNMENT MUSEUM TIRUNELVELI,"TOURISM, CULTURE AND RELIGIOUS ENDOWMENTS DEPARTMENT",Sub Office,0ad55543e6d4c8d6,rti_tamil_nadu,rti_meta,plain,en,no,templates/plain.txt,applications/RA3/TN-915.txt,10,30
TN-916,RA4,Tamil Nadu,"H.R.&.C.E. DEPARTMENT JOINT COMMISSIONER, SIVAGANGAI REGION","TOURISM, CULTURE AND RELIGIOUS ENDOWMENTS DEPARTMENT",Sub Office,530fd007f722ef1f,rti_tamil_nadu,rti_meta,plain,en,no,templates/plain.txt,applications/RA4/TN-916.txt,10,30
TN-917,RA3,Tamil Nadu,"H.R.&.C.E. DEPARTMENT JOINT COMMISSIONER, TIRUPUR REGION","TOURISM, CULTURE AND RELIGIOUS ENDOWMENTS DEPARTMENT",Sub Office,70d4612aee61fe83,rti_tamil_nadu,rti_meta,plain,en,no,templates/plain.txt,applications/RA3/TN-917.txt,10,30
TN-918,RA4,Tamil Nadu,"H.R.&.C.E. DEPARTMENT, ASSISTANT COMMISSIONER OFFICE, RAMANATHAPURAM","TOURISM, CULTURE AND RELIGIOUS ENDOWMENTS DEPARTMENT",Sub Office,227626664fee3bc4,rti_tamil_nadu,rti_meta,legal_salience,en,no,templates/legal_salience.txt,applications/RA4/TN-918.txt,10,30
TN-919,RA1,Tamil Nadu,"H.R.&.C.E. DEPARTMENT, ASSISTANT COMMISSIONER OFFICE, THIRUVANNAMALAI","TOURISM, CULTURE AND RELIGIOUS ENDOWMENTS DEPARTMENT",Sub Office,27f1e1ba68be2de2,rti_tamil_nadu,rti_meta,legal_salience,en,no,templates/legal_salience.txt,applications/RA1/TN-919.txt,10,30
TN-920,RA1,Tamil Nadu,"H.R.&.C.E. DEPARTMENT, ASSISTANT COMMISSIONER OFFICE, VIRUDHUNAGAR","TOURISM, CULTURE AND RELIGIOUS ENDOWMENTS DEPARTMENT",Sub Office,1b2d129141ddc9fc,rti_tamil_nadu,rti_meta,plain,en,no,templates/plain.txt,applications/RA1/TN-920.txt,10,30
TN-921,RA4,Tamil Nadu,TAMIL NADU EYAL ISAI NATAKA MANRAM,"TOURISM, CULTURE AND RELIGIOUS ENDOWMENTS DEPARTMENT",Sub Office,f6d6323d8964cb88,rti_tamil_nadu,rti_meta,plain,en,no,templates/plain.txt,applications/RA4/TN-921.txt,10,30
TN-922,RA3,Tamil Nadu,TOURIST OFFICE COIMBATORE,"TOURISM, CULTURE AND RELIGIOUS ENDOWMENTS DEPARTMENT",Sub Office,0135abab7ba5ab18,rti_tamil_nadu,rti_meta,plain,en,no,templates/plain.txt,applications/RA3/TN-922.txt,10,30
TN-923,RA2,Tamil Nadu,TOURIST OFFICE KRISHNAGIRI,"TOURISM, CULTURE AND RELIGIOUS ENDOWMENTS DEPARTMENT",Sub Office,4c03836556ca8f3c,rti_tamil_nadu,rti_meta,plain,en,no,templates/plain.txt,applications/RA2/TN-923.txt,10,30
TN-924,RA3,Tamil Nadu,TOURIST OFFICE NEW DELHI,"TOURISM, CULTURE AND RELIGIOUS ENDOWMENTS DEPARTMENT",Sub Office,b330f2671bbc727a,rti_tamil_nadu,rti_meta,legal_salience,en,no,templates/legal_salience.txt,applications/RA3/TN-924.txt,10,30
TN-925,RA4,Tamil Nadu,TOURIST OFFICE TIRUCHIRAPPALLI,"TOURISM, CULTURE AND RELIGIOUS ENDOWMENTS DEPARTMENT",Sub Office,cdebd0841073e459,rti_tamil_nadu,rti_meta,legal_salience,en,no,templates/legal_salience.txt,applications/RA4/TN-925.txt,10,30
TN-926,RA1,Tamil Nadu,TRANSPORT DEPARTMENT,TRANSPORT DEPARTMENT,Department,ca2281d5e9406c98,rti_tamil_nadu,rti_meta,plain,en,no,templates/plain.txt,applications/RA1/TN-926.txt,10,30
TN-927,RA1,Tamil Nadu,"METROPOLITAN TRANSPORT CORPORATION (MTC), CHENNAI",TRANSPORT DEPARTMENT,Head of Department,41238885bde51a16,rti_tamil_nadu,rti_meta,legal_salience,en,no,templates/legal_salience.txt,applications/RA1/TN-927.txt,10,30
TN-928,RA2,Tamil Nadu,"MOTOR VEHICLES MAINTENANCE DEPARTMENT, CHENNAI",TRANSPORT DEPARTMENT,Head of Department,6e75756fd212cb38,rti_tamil_nadu,rti_meta,plain,en,no,templates/plain.txt,applications/RA2/TN-928.txt,10,30
TN-929,RA3,Tamil Nadu,"TNSTC (SALEM) LTD.,",TRANSPORT DEPARTMENT,Head of Department,cb999c6d7561cedc,rti_tamil_nadu,rti_meta,plain,en,no,templates/plain.txt,applications/RA3/TN-929.txt,10,30
TN-930,RA4,Tamil Nadu,TNSTC COIMBATORE (CBE)LTD.,TRANSPORT DEPARTMENT,Head of Department,857313ab141f292d,rti_tamil_nadu,rti_meta,plain,en,no,templates/plain.txt,applications/RA4/TN-930.txt,10,30
TN-931,RA3,Tamil Nadu,"GOVT. AUTOMOBILE WORKSHOP, CUDDALORE",TRANSPORT DEPARTMENT,Sub Office,22e3823f30078dd4,rti_tamil_nadu,rti_meta,plain,en,no,templates/plain.txt,applications/RA3/TN-931.txt,10,30
TN-932,RA2,Tamil Nadu,"GOVT. AUTOMOBILE WORKSHOP, DINDIGUL",TRANSPORT DEPARTMENT,Sub Office,28fc8945e3318586,rti_tamil_nadu,rti_meta,legal_salience,en,no,templates/legal_salience.txt,applications/RA2/TN-932.txt,10,30
TN-933,RA2,Tamil Nadu,"GOVT. AUTOMOBILE WORKSHOP, ERODE",TRANSPORT DEPARTMENT,Sub Office,6071b70c2257f517,rti_tamil_nadu,rti_meta,plain,en,no,templates/plain.txt,applications/RA2/TN-933.txt,10,30
TN-934,RA4,Tamil Nadu,"GOVT. AUTOMOBILE WORKSHOP, KANCHEEPURAM",TRANSPORT DEPARTMENT,Sub Office,0080a0e035a28783,rti_tamil_nadu,rti_meta,plain,en,no,templates/plain.txt,applications/RA4/TN-934.txt,10,30
TN-935,RA4,Tamil Nadu,"GOVT. AUTOMOBILE WORKSHOP, NAGERCOIL",TRANSPORT DEPARTMENT,Sub Office,a52cedef6d2ff56f,rti_tamil_nadu,rti_meta,plain,en,no,templates/plain.txt,applications/RA4/TN-935.txt,10,30
TN-936,RA2,Tamil Nadu,"GOVT. AUTOMOBILE WORKSHOP, OOTY",TRANSPORT DEPARTMENT,Sub Office,3127b5f7347173cc,rti_tamil_nadu,rti_meta,plain,en,no,templates/plain.txt,applications/RA2/TN-936.txt,10,30
TN-937,RA2,Tamil Nadu,"GOVT. AUTOMOBILE WORKSHOP, RAMANATHAPURAM",TRANSPORT DEPARTMENT,Sub Office,7bdf709773b3493e,rti_tamil_nadu,rti_meta,plain,en,no,templates/plain.txt,applications/RA2/TN-937.txt,10,30
TN-938,RA3,Tamil Nadu,"GOVT. AUTOMOBILE WORKSHOP, TIRUNELVELI",TRANSPORT DEPARTMENT,Sub Office,b1f272d4b88862f1,rti_tamil_nadu,rti_meta,plain,en,no,templates/plain.txt,applications/RA3/TN-938.txt,10,30
TN-939,RA1,Tamil Nadu,"GOVT. AUTOMOBILE WORKSHOP, TUTICORIN",TRANSPORT DEPARTMENT,Sub Office,0d41994bd55e87ef,rti_tamil_nadu,rti_meta,plain,en,no,templates/plain.txt,applications/RA1/TN-939.txt,10,30
TN-940,RA3,Tamil Nadu,KUMBAKONAM REGION TNSTC,TRANSPORT DEPARTMENT,Sub Office,7d1dac944ce34c68,rti_tamil_nadu,rti_meta,plain,en,no,templates/plain.txt,applications/RA3/TN-940.txt,10,30
TN-941,RA1,Tamil Nadu,NAGAPATTINAM REGION TNSTC,TRANSPORT DEPARTMENT,Sub Office,b7bef7e16ee2571b,rti_tamil_nadu,rti_meta,legal_salience,en,no,templates/legal_salience.txt,applications/RA1/TN-941.txt,10,30
TN-942,RA1,Tamil Nadu,PUDUKOTTAI REGION TNSTC,TRANSPORT DEPARTMENT,Sub Office,a34b96261ace5c91,rti_tamil_nadu,rti_meta,plain,en,no,templates/plain.txt,applications/RA1/TN-942.txt,10,30
TN-943,RA4,Tamil Nadu,TIRUNELVELI TNSTC TIRUNELVELI REGION,TRANSPORT DEPARTMENT,Sub Office,f8b8dae7f71c484d,rti_tamil_nadu,rti_meta,legal_salience,en,no,templates/legal_salience.txt,applications/RA4/TN-943.txt,10,30
TN-944,RA2,Tamil Nadu,TNSTC (CBE) LTD. CBE- ERODE REGION,TRANSPORT DEPARTMENT,Sub Office,c47c0d971c4a5113,rti_tamil_nadu,rti_meta,plain,en,no,templates/plain.txt,applications/RA2/TN-944.txt,10,30
TN-945,RA3,Tamil Nadu,TNSTC (CBE) LTD. CBE- OOTY REGION,TRANSPORT DEPARTMENT,Sub Office,ef6acef8dc904d8e,rti_tamil_nadu,rti_meta,legal_salience,en,no,templates/legal_salience.txt,applications/RA3/TN-945.txt,10,30
TN-946,RA3,Tamil Nadu,TNSTC (CBE) LTD. CBE- TIRUPPUR REGION,TRANSPORT DEPARTMENT,Sub Office,763ee049eb98b361,rti_tamil_nadu,rti_meta,plain,en,no,templates/plain.txt,applications/RA3/TN-946.txt,10,30
TN-947,RA2,Tamil Nadu,TNSTC- VILLUPURAM (KANCHIPURAM REGION),TRANSPORT DEPARTMENT,Sub Office,88b4a9889a2721e9,rti_tamil_nadu,rti_meta,legal_salience,en,no,templates/legal_salience.txt,applications/RA2/TN-947.txt,10,30
TN-948,RA1,Tamil Nadu,TNSTC- VILLUPURAM (TIRUVANNAMALAI REGION),TRANSPORT DEPARTMENT,Sub Office,1b8b28c2a902aa0a,rti_tamil_nadu,rti_meta,plain,en,no,templates/plain.txt,applications/RA1/TN-948.txt,10,30
TN-949,RA1,Tamil Nadu,TNSTC-VILLUPURAM (VILLUPURAM REGION),TRANSPORT DEPARTMENT,Sub Office,e52478d877c2c177,rti_tamil_nadu,rti_meta,plain,en,no,templates/plain.txt,applications/RA1/TN-949.txt,10,30
TN-950,RA4,Tamil Nadu,TRICHY REGION TNSTC,TRANSPORT DEPARTMENT,Sub Office,461918ef346a9701,rti_tamil_nadu,rti_meta,plain,en,no,templates/plain.txt,applications/RA4/TN-950.txt,10,30
TN-951,RA3,Tamil Nadu,VIRUDHUNAGAR REGION TNSTC,TRANSPORT DEPARTMENT,Sub Office,2d4c8aeb058b795f,rti_tamil_nadu,rti_meta,legal_salience,en,no,templates/legal_salience.txt,applications/RA3/TN-951.txt,10,30
TN-952,RA4,Tamil Nadu,WATER RESOURCES DEPARTMENT,WATER RESOURCES DEPARTMENT,Department,997b6f53471740b6,rti_tamil_nadu,rti_meta,plain,en,no,templates/plain.txt,applications/RA4/TN-952.txt,10,30
TN-953,RA1,Tamil Nadu,"ENGINEER-IN-CHIEF AND CHIEF ENGINEER(G), WRD, CHEPAUK, CHENNAI",WATER RESOURCES DEPARTMENT,Head of Department,072773bb9c816908,rti_tamil_nadu,rti_meta,plain,en,no,templates/plain.txt,applications/RA1/TN-953.txt,10,30
TN-954,RA3,Tamil Nadu,"THE CHIEF ENGINEER, WRD, MADURAI REGION, THALLAKULAM, MADURAI",WATER RESOURCES DEPARTMENT,Sub Office,0b25271111c40960,rti_tamil_nadu,rti_meta,legal_salience,en,no,templates/legal_salience.txt,applications/RA3/TN-954.txt,10,30
TN-955,RA3,Tamil Nadu,"THE CHIEF ENGINEER, WRD, STATE GROUND AND SURFACE WATER RESEARCH DATA CENTRE, TARAMANI, CHENNAI",WATER RESOURCES DEPARTMENT,Sub Office,017d9d4a79202cdd,rti_tamil_nadu,rti_meta,plain,en,no,templates/plain.txt,applications/RA3/TN-955.txt,10,30
TN-956,RA1,Tamil Nadu,"MINING AND MONITORING CIRCLE, WRD, CHEPAUK, CHENNAI",WATER RESOURCES DEPARTMENT,Sub Office,031d67160b8ad1dc,rti_tamil_nadu,rti_meta,plain,en,no,templates/plain.txt,applications/RA1/TN-956.txt,10,30
TN-957,RA2,Tamil Nadu,"PROJECT CIRCLE, WRD, TIRUNELVELI",WATER RESOURCES DEPARTMENT,Sub Office,10bb17bd1dc234f7,rti_tamil_nadu,rti_meta,legal_salience,en,no,templates/legal_salience.txt,applications/RA2/TN-957.txt,10,30
TN-958,RA4,Tamil Nadu,"QUALITY CONTROL DIVISION, WRD, TRICHY",WATER RESOURCES DEPARTMENT,Sub Office,4fb37a68573a89f9,rti_tamil_nadu,rti_meta,plain,en,no,templates/plain.txt,applications/RA4/TN-958.txt,10,30
TN-959,RA2,Tamil Nadu,"BHAVANISAGAR DAM DIVISION, WRD, BHAVANISAGAR",WATER RESOURCES DEPARTMENT,Sub Office,65a30eec804ea268,rti_tamil_nadu,rti_meta,plain,en,no,templates/plain.txt,applications/RA2/TN-959.txt,10,30
TN-960,RA4,Tamil Nadu,"DESIGNS DIVISION, WRD, CHEPAUK, CHENNAI",WATER RESOURCES DEPARTMENT,Sub Office,51ec1bde2332db0a,rti_tamil_nadu,rti_meta,plain,en,no,templates/plain.txt,applications/RA4/TN-960.txt,10,30
TN-961,RA1,Tamil Nadu,"GROUNDWATER DIVISION, WRD, VELLORE",WATER RESOURCES DEPARTMENT,Sub Office,319f851d7ae78e0c,rti_tamil_nadu,rti_meta,plain,en,no,templates/plain.txt,applications/RA1/TN-961.txt,10,30
TN-962,RA4,Tamil Nadu,"LOWER PENNAIYAR BASIN DIVISION, WRD, VILLUPURAM",WATER RESOURCES DEPARTMENT,Sub Office,16f83f7c6292e5d8,rti_tamil_nadu,rti_meta,legal_salience,en,no,templates/legal_salience.txt,applications/RA4/TN-962.txt,10,30
TN-963,RA2,Tamil Nadu,"MARUDAIYARU BASIN DIVISION, WRD, ARIYALUR",WATER RESOURCES DEPARTMENT,Sub Office,bc68d2cbab2a1e2e,rti_tamil_nadu,rti_meta,plain,en,no,templates/plain.txt,applications/RA2/TN-963.txt,10,30
TN-964,RA4,Tamil Nadu,"MIDDLE PENNAIYAR BASIN DIVISION, WRD, TIRUVANNAMALAI",WATER RESOURCES DEPARTMENT,Sub Office,5a6bb21e06c12684,rti_tamil_nadu,rti_meta,legal_salience,en,no,templates/legal_salience.txt,applications/RA4/TN-964.txt,10,30
TN-965,RA2,Tamil Nadu,"PLANNING & DESIGNS DIVISION, WRD, MADURAI",WATER RESOURCES DEPARTMENT,Sub Office,d182cfc5afeb5c63,rti_tamil_nadu,rti_meta,plain,en,no,templates/plain.txt,applications/RA2/TN-965.txt,10,30
TN-966,RA3,Tamil Nadu,"SPECIAL PROJECT DIVISION, WRD, AMBASAMUDHRAM",WATER RESOURCES DEPARTMENT,Sub Office,19b3d8a61b34d79d,rti_tamil_nadu,rti_meta,plain,en,no,templates/plain.txt,applications/RA3/TN-966.txt,10,30
TN-967,RA1,Tamil Nadu,"SPECIAL PROJECT DIVISION, WRD, PUDUKKOTTAI",WATER RESOURCES DEPARTMENT,Sub Office,af964fb086965a46,rti_tamil_nadu,rti_meta,legal_salience,en,no,templates/legal_salience.txt,applications/RA1/TN-967.txt,10,30
TN-968,RA1,Tamil Nadu,"SPECIAL PROJECT DIVISION, WRD, TIRUNELVELI",WATER RESOURCES DEPARTMENT,Sub Office,19e82a3960d6cf99,rti_tamil_nadu,rti_meta,legal_salience,en,no,templates/legal_salience.txt,applications/RA1/TN-968.txt,10,30
TN-969,RA3,Tamil Nadu,"THAMIRABARANI AND KORAMPALLAM ARU BASIN DIVISION, WRD, THOOTHUKUDI",WATER RESOURCES DEPARTMENT,Sub Office,140e902c24038992,rti_tamil_nadu,rti_meta,plain,en,no,templates/plain.txt,applications/RA3/TN-969.txt,10,30
TN-970,RA4,Tamil Nadu,"THIRUMURTHI DIVISION, WRD, UDUMALPET",WATER RESOURCES DEPARTMENT,Sub Office,fc17b7c8155af42f,rti_tamil_nadu,rti_meta,plain,en,no,templates/plain.txt,applications/RA4/TN-970.txt,10,30
TN-971,RA1,Tamil Nadu,"ENVIRONMENTAL CELL SUB DIVISION, WRD, MADURAI",WATER RESOURCES DEPARTMENT,Sub Office,9f2602c928e05e75,rti_tamil_nadu,rti_meta,plain,en,no,templates/plain.txt,applications/RA1/TN-971.txt,10,30
TN-972,RA4,Tamil Nadu,"GUNDAR BASIN SUB DIVISION, WRD, KAMUTHI",WATER RESOURCES DEPARTMENT,Sub Office,7ce7490e60a767a6,rti_tamil_nadu,rti_meta,plain,en,no,templates/plain.txt,applications/RA4/TN-972.txt,10,30
TN-973,RA3,Tamil Nadu,"PROJECT PLANNING & DESIGNS SUB DIVISION, WRD, KRISHNAGIRI",WATER RESOURCES DEPARTMENT,Sub Office,b815c8604ec983b9,rti_tamil_nadu,rti_meta,plain,en,no,templates/plain.txt,applications/RA3/TN-973.txt,10,30
TN-974,RA2,Tamil Nadu,"PROJECT PLANNING & DESIGNS SUB DIVISION-2, WRD, SALEM",WATER RESOURCES DEPARTMENT,Sub Office,c195751d81c90b45,rti_tamil_nadu,rti_meta,plain,en,no,templates/plain.txt,applications/RA2/TN-974.txt,10,30
TN-975,RA2,Tamil Nadu,"UPPER VAIPPAR BASIN SUB DIVISION, WRD, WATRAP",WATER RESOURCES DEPARTMENT,Sub Office,2f1df632a40a46be,rti_tamil_nadu,rti_meta,legal_salience,en,no,templates/legal_salience.txt,applications/RA2/TN-975.txt,10,30
TN-976,RA1,Tamil Nadu,WELFARE OF DIFFERENTLY ABLED PERSONS DEPARTMENT,WELFARE OF DIFFERENTLY ABLED PERSONS DEPARTMENT,Department,c590011ff86c3615,rti_tamil_nadu,rti_meta,plain,en,no,templates/plain.txt,applications/RA1/TN-976.txt,10,30
TN-977,RA2,Tamil Nadu,DIRECTORATE OF WELFARE OF DIFFERENTLY ABLED PERSONS,WELFARE OF DIFFERENTLY ABLED PERSONS DEPARTMENT,Head of Department,31397af3b2bee552,rti_tamil_nadu,rti_meta,plain,en,no,templates/plain.txt,applications/RA2/TN-977.txt,10,30
TN-978,RA4,Tamil Nadu,DISTRICT DIFFERENTLY ABLED WELFARE OFFICE CUDDALORE,WELFARE OF DIFFERENTLY ABLED PERSONS DEPARTMENT,Sub Office,7d0a845f07241b3a,rti_tamil_nadu,rti_meta,legal_salience,en,no,templates/legal_salience.txt,applications/RA4/TN-978.txt,10,30
TN-979,RA4,Tamil Nadu,"DISTRICT DIFFERENTLY ABLED WELFARE OFFICE, ARIYALUR",WELFARE OF DIFFERENTLY ABLED PERSONS DEPARTMENT,Sub Office,21ad3c160d42cc6a,rti_tamil_nadu,rti_meta,legal_salience,en,no,templates/legal_salience.txt,applications/RA4/TN-979.txt,10,30
TN-980,RA4,Tamil Nadu,"DISTRICT DIFFERENTLY ABLED WELFARE OFFICE, CHENNAI SOUTH",WELFARE OF DIFFERENTLY ABLED PERSONS DEPARTMENT,Sub Office,7d003b20631a674c,rti_tamil_nadu,rti_meta,plain,en,no,templates/plain.txt,applications/RA4/TN-980.txt,10,30
TN-981,RA2,Tamil Nadu,"DISTRICT DIFFERENTLY ABLED WELFARE OFFICE, COIMBATORE",WELFARE OF DIFFERENTLY ABLED PERSONS DEPARTMENT,Sub Office,b512b8df63ce6453,rti_tamil_nadu,rti_meta,plain,en,no,templates/plain.txt,applications/RA2/TN-981.txt,10,30
TN-982,RA4,Tamil Nadu,"DISTRICT DIFFERENTLY ABLED WELFARE OFFICE, KANYAKUMARI",WELFARE OF DIFFERENTLY ABLED PERSONS DEPARTMENT,Sub Office,ac2f20790017ecd7,rti_tamil_nadu,rti_meta,plain,en,no,templates/plain.txt,applications/RA4/TN-982.txt,10,30
TN-983,RA1,Tamil Nadu,"DISTRICT DIFFERENTLY ABLED WELFARE OFFICE, KARUR",WELFARE OF DIFFERENTLY ABLED PERSONS DEPARTMENT,Sub Office,9801050b7dee8551,rti_tamil_nadu,rti_meta,plain,en,no,templates/plain.txt,applications/RA1/TN-983.txt,10,30
TN-984,RA1,Tamil Nadu,"DISTRICT DIFFERENTLY ABLED WELFARE OFFICE, MADURAI",WELFARE OF DIFFERENTLY ABLED PERSONS DEPARTMENT,Sub Office,91a7bcab929e7d31,rti_tamil_nadu,rti_meta,plain,en,no,templates/plain.txt,applications/RA1/TN-984.txt,10,30
TN-985,RA4,Tamil Nadu,"DISTRICT DIFFERENTLY ABLED WELFARE OFFICE, MAYILADUTHURAI",WELFARE OF DIFFERENTLY ABLED PERSONS DEPARTMENT,Sub Office,115f3aad573dda74,rti_tamil_nadu,rti_meta,plain,en,no,templates/plain.txt,applications/RA4/TN-985.txt,10,30
TN-986,RA4,Tamil Nadu,"DISTRICT DIFFERENTLY ABLED WELFARE OFFICE, NAMAKKAL",WELFARE OF DIFFERENTLY ABLED PERSONS DEPARTMENT,Sub Office,7d5d44a98ee7bb23,rti_tamil_nadu,rti_meta,plain,en,no,templates/plain.txt,applications/RA4/TN-986.txt,10,30
TN-987,RA2,Tamil Nadu,"DISTRICT DIFFERENTLY ABLED WELFARE OFFICE, NILGIRIS",WELFARE OF DIFFERENTLY ABLED PERSONS DEPARTMENT,Sub Office,aa43cd95f7292664,rti_tamil_nadu,rti_meta,plain,en,no,templates/plain.txt,applications/RA2/TN-987.txt,10,30
TN-988,RA1,Tamil Nadu,"DISTRICT DIFFERENTLY ABLED WELFARE OFFICE, PERAMBALUR",WELFARE OF DIFFERENTLY ABLED PERSONS DEPARTMENT,Sub Office,015d1fe1bde71ae4,rti_tamil_nadu,rti_meta,legal_salience,en,no,templates/legal_salience.txt,applications/RA1/TN-988.txt,10,30
TN-989,RA1,Tamil Nadu,"DISTRICT DIFFERENTLY ABLED WELFARE OFFICE, PUDUKOTTAI",WELFARE OF DIFFERENTLY ABLED PERSONS DEPARTMENT,Sub Office,dae18a7b6d5c3b84,rti_tamil_nadu,rti_meta,plain,en,no,templates/plain.txt,applications/RA1/TN-989.txt,10,30
TN-990,RA3,Tamil Nadu,"DISTRICT DIFFERENTLY ABLED WELFARE OFFICE, RAMANATHAPURAM",WELFARE OF DIFFERENTLY ABLED PERSONS DEPARTMENT,Sub Office,3345a700bccf47de,rti_tamil_nadu,rti_meta,plain,en,no,templates/plain.txt,applications/RA3/TN-990.txt,10,30
TN-991,RA2,Tamil Nadu,"DISTRICT DIFFERENTLY ABLED WELFARE OFFICE, RANIPET",WELFARE OF DIFFERENTLY ABLED PERSONS DEPARTMENT,Sub Office,2f920b27fccbe058,rti_tamil_nadu,rti_meta,plain,en,no,templates/plain.txt,applications/RA2/TN-991.txt,10,30
TN-992,RA3,Tamil Nadu,"DISTRICT DIFFERENTLY ABLED WELFARE OFFICE, THANJAVUR",WELFARE OF DIFFERENTLY ABLED PERSONS DEPARTMENT,Sub Office,c3ac4ccf0d246bc3,rti_tamil_nadu,rti_meta,legal_salience,en,no,templates/legal_salience.txt,applications/RA3/TN-992.txt,10,30
TN-993,RA3,Tamil Nadu,"DISTRICT DIFFERENTLY ABLED WELFARE OFFICE, THIRUNELVELI",WELFARE OF DIFFERENTLY ABLED PERSONS DEPARTMENT,Sub Office,a4cc889497458cbc,rti_tamil_nadu,rti_meta,plain,en,no,templates/plain.txt,applications/RA3/TN-993.txt,10,30
TN-994,RA3,Tamil Nadu,"DISTRICT DIFFERENTLY ABLED WELFARE OFFICE, THIRUPATHUR",WELFARE OF DIFFERENTLY ABLED PERSONS DEPARTMENT,Sub Office,8d57536635e164d5,rti_tamil_nadu,rti_meta,plain,en,no,templates/plain.txt,applications/RA3/TN-994.txt,10,30
TN-995,RA3,Tamil Nadu,"DISTRICT DIFFERENTLY ABLED WELFARE OFFICE, TUTICORIN",WELFARE OF DIFFERENTLY ABLED PERSONS DEPARTMENT,Sub Office,44816120c1f7dfce,rti_tamil_nadu,rti_meta,plain,en,no,templates/plain.txt,applications/RA3/TN-995.txt,10,30
TN-996,RA3,Tamil Nadu,"DISTRICT DIFFERENTLY ABLED WELFARE OFFICE, VELLORE",WELFARE OF DIFFERENTLY ABLED PERSONS DEPARTMENT,Sub Office,8e9e18501c2b4e20,rti_tamil_nadu,rti_meta,legal_salience,en,no,templates/legal_salience.txt,applications/RA3/TN-996.txt,10,30
TN-997,RA2,Tamil Nadu,"DISTRICT DIFFERENTLY ABLED WELFARE OFFICE, VILLUPURAM",WELFARE OF DIFFERENTLY ABLED PERSONS DEPARTMENT,Sub Office,ae6a5553fa4afff5,rti_tamil_nadu,rti_meta,legal_salience,en,no,templates/legal_salience.txt,applications/RA2/TN-997.txt,10,30
TN-998,RA1,Tamil Nadu,"DISTRICT DIFFERENTLY ABLED WELFARE OFFICE, VIRUDHUNAGAR",WELFARE OF DIFFERENTLY ABLED PERSONS DEPARTMENT,Sub Office,76950ec64a6f11e8,rti_tamil_nadu,rti_meta,plain,en,no,templates/plain.txt,applications/RA1/TN-998.txt,10,30
TN-999,RA2,Tamil Nadu,YOUTH WELFARE AND SPORTS DEVELOPMENT DEPARTMENT,YOUTH WELFARE AND SPORTS DEVELOPMENT DEPARTMENT,Department,60c36149255436af,rti_tamil_nadu,rti_meta,plain,en,no,templates/plain.txt,applications/RA2/TN-999.txt,10,30
TN-1000,RA1,Tamil Nadu,NATIONAL CADET CORPS,YOUTH WELFARE AND SPORTS DEVELOPMENT DEPARTMENT,Head of Department,9d4bf55082af493c,rti_tamil_nadu,rti_meta,legal_salience,en,no,templates/legal_salience.txt,applications/RA1/TN-1000.txt,10,30
TN-1001,RA4,Tamil Nadu,SPORTS DEVELOPMENT AUTHORITY OF TAMIL NADU,YOUTH WELFARE AND SPORTS DEVELOPMENT DEPARTMENT,Head of Department,bb29a7fa9c956fbf,rti_tamil_nadu,rti_meta,plain,en,no,templates/plain.txt,applications/RA4/TN-1001.txt,10,30
TN-1002,RA3,Tamil Nadu,"TAMIL NADU PHYSICAL EDUCATION AND SPORTS UNIVERSITY, CHENNAI",YOUTH WELFARE AND SPORTS DEVELOPMENT DEPARTMENT,Head of Department,706473de6027c1d8,rti_tamil_nadu,rti_meta,plain,en,no,templates/plain.txt,applications/RA3/TN-1002.txt,10,30
TN-1003,RA1,Tamil Nadu,TAMIL NADU STATE NATIONAL SERVICE SCHEME CELL,YOUTH WELFARE AND SPORTS DEVELOPMENT DEPARTMENT,Head of Department,04febb45a4aeee04,rti_tamil_nadu,rti_meta,plain,en,no,templates/plain.txt,applications/RA1/TN-1003.txt,10,30
TN-1004,RA3,Tamil Nadu,"DISTRICT SPORTS AND YOUTH WELFARE OFFICE , KARUR",YOUTH WELFARE AND SPORTS DEVELOPMENT DEPARTMENT,Sub Office,9ab2de9ab6b886cd,rti_tamil_nadu,rti_meta,legal_salience,en,no,templates/legal_salience.txt,applications/RA3/TN-1004.txt,10,30
TN-1005,RA3,Tamil Nadu,"DISTRICT SPORTS AND YOUTH WELFARE OFFICE, CHENGALPATTU",YOUTH WELFARE AND SPORTS DEVELOPMENT DEPARTMENT,Sub Office,2b6f860407fa605b,rti_tamil_nadu,rti_meta,legal_salience,en,no,templates/legal_salience.txt,applications/RA3/TN-1005.txt,10,30
TN-1006,RA3,Tamil Nadu,"DISTRICT SPORTS AND YOUTH WELFARE OFFICE, KALLAKURICHI",YOUTH WELFARE AND SPORTS DEVELOPMENT DEPARTMENT,Sub Office,3414bb3ed09f0f91,rti_tamil_nadu,rti_meta,plain,en,no,templates/plain.txt,applications/RA3/TN-1006.txt,10,30
TN-1007,RA4,Tamil Nadu,"DISTRICT SPORTS AND YOUTH WELFARE OFFICE, MADURAI",YOUTH WELFARE AND SPORTS DEVELOPMENT DEPARTMENT,Sub Office,3545c41f8ce35bda,rti_tamil_nadu,rti_meta,plain,en,no,templates/plain.txt,applications/RA4/TN-1007.txt,10,30
TN-1008,RA1,Tamil Nadu,"DISTRICT SPORTS AND YOUTH WELFARE OFFICE, RANIPET",YOUTH WELFARE AND SPORTS DEVELOPMENT DEPARTMENT,Sub Office,64b90d8dd1fe5dbd,rti_tamil_nadu,rti_meta,plain,en,no,templates/plain.txt,applications/RA1/TN-1008.txt,10,30
TN-1009,RA3,Tamil Nadu,"DISTRICT SPORTS AND YOUTH WELFARE OFFICE, TENKASI",YOUTH WELFARE AND SPORTS DEVELOPMENT DEPARTMENT,Sub Office,3d79650e4ee8b8e0,rti_tamil_nadu,rti_meta,plain,en,no,templates/plain.txt,applications/RA3/TN-1009.txt,10,30
TN-1010,RA4,Tamil Nadu,"JAWAHARLAL NEHRU INDOOR STADIUM, CHENNAI",YOUTH WELFARE AND SPORTS DEVELOPMENT DEPARTMENT,Sub Office,5c0d72f64bd5ac59,rti_tamil_nadu,rti_meta,plain,en,no,templates/plain.txt,applications/RA4/TN-1010.txt,10,30
TN-1011,RA1,Tamil Nadu,"MAYOR RADHAKRISHNAN HOCKEY STADIUM, EGMORE, CHENNAI",YOUTH WELFARE AND SPORTS DEVELOPMENT DEPARTMENT,Sub Office,038d9ae67197fa5a,rti_tamil_nadu,rti_meta,legal_salience,en,no,templates/legal_salience.txt,applications/RA1/TN-1011.txt,10,30
TN-1012,RA3,Tamil Nadu,"NCC GROUP HEADQUARTERS, CHENNAI A",YOUTH WELFARE AND SPORTS DEVELOPMENT DEPARTMENT,Sub Office,e40047aefe916ccc,rti_tamil_nadu,rti_meta,plain,en,no,templates/plain.txt,applications/RA3/TN-1012.txt,10,30
TN-1013,RA3,Tamil Nadu,"NCC GROUP HEADQUARTERS, CHENNAI B",YOUTH WELFARE AND SPORTS DEVELOPMENT DEPARTMENT,Sub Office,c3e8b25df3861b0b,rti_tamil_nadu,rti_meta,plain,en,no,templates/plain.txt,applications/RA3/TN-1013.txt,10,30
TN-1014,RA2,Tamil Nadu,"NCC GROUP HEADQUARTERS, MADURAI",YOUTH WELFARE AND SPORTS DEVELOPMENT DEPARTMENT,Sub Office,763e3a8e74ee2be9,rti_tamil_nadu,rti_meta,plain,en,no,templates/plain.txt,applications/RA2/TN-1014.txt,10,30
TN-1015,RA2,Tamil Nadu,"SDAT AGB COMPLEX, VELACHERY",YOUTH WELFARE AND SPORTS DEVELOPMENT DEPARTMENT,Sub Office,319c362a0fd45f9f,rti_tamil_nadu,rti_meta,plain,en,no,templates/plain.txt,applications/RA2/TN-1015.txt,10,30
TN-1016,RA4,Tamil Nadu,"SPORTS HOSTEL MANAGER (I/C), ERODE",YOUTH WELFARE AND SPORTS DEVELOPMENT DEPARTMENT,Sub Office,32bc4f47048b17ff,rti_tamil_nadu,rti_meta,legal_salience,en,no,templates/legal_salience.txt,applications/RA4/TN-1016.txt,10,30
TN-1017,RA1,Tamil Nadu,"SPORTS HOSTEL MANAGER,MADURAI",YOUTH WELFARE AND SPORTS DEVELOPMENT DEPARTMENT,Sub Office,e7095e1e8896dd43,rti_tamil_nadu,rti_meta,plain,en,no,templates/plain.txt,applications/RA1/TN-1017.txt,10,30
TN-1018,RA4,Tamil Nadu,"SPORTS HOSTEL MANAGER,TIRUNELVELI",YOUTH WELFARE AND SPORTS DEVELOPMENT DEPARTMENT,Sub Office,7c0ec253280526ef,rti_tamil_nadu,rti_meta,plain,en,no,templates/plain.txt,applications/RA4/TN-1018.txt,10,30
TN-1019,RA4,Tamil Nadu,"1 (TN) AIR SRN NCC, CHENNAI",YOUTH WELFARE AND SPORTS DEVELOPMENT DEPARTMENT,Sub Office,11360e27a14146c1,rti_tamil_nadu,rti_meta,plain,en,no,templates/plain.txt,applications/RA4/TN-1019.txt,10,30
TN-1020,RA2,Tamil Nadu,"1 (TN) BTY NCC, PURASAIWALKAM, CHENNAI",YOUTH WELFARE AND SPORTS DEVELOPMENT DEPARTMENT,Sub Office,65073f1031543c6e,rti_tamil_nadu,rti_meta,plain,en,no,templates/plain.txt,applications/RA2/TN-1020.txt,10,30
TN-1021,RA1,Tamil Nadu,"2 (TN) ARMD SQN NCC, TIRUCHIRAPPALLI",YOUTH WELFARE AND SPORTS DEVELOPMENT DEPARTMENT,Sub Office,e882fc54fd0f4221,rti_tamil_nadu,rti_meta,plain,en,no,templates/plain.txt,applications/RA1/TN-1021.txt,10,30
TN-1022,RA2,Tamil Nadu,29 (TN) INDEP COY NCC TUTICORIN,YOUTH WELFARE AND SPORTS DEVELOPMENT DEPARTMENT,Sub Office,6490b350b18bd728,rti_tamil_nadu,rti_meta,legal_salience,en,no,templates/legal_salience.txt,applications/RA2/TN-1022.txt,10,30
TN-1023,RA2,Tamil Nadu,3 (TN) GIRLS BN NCC TIRUNELVELI,YOUTH WELFARE AND SPORTS DEVELOPMENT DEPARTMENT,Sub Office,d694d9435dcb06a1,rti_tamil_nadu,rti_meta,legal_salience,en,no,templates/legal_salience.txt,applications/RA2/TN-1023.txt,10,30
TN-1024,RA4,Tamil Nadu,"31 (TN) INDEP COY NCC, OOTY",YOUTH WELFARE AND SPORTS DEVELOPMENT DEPARTMENT,Sub Office,6a201d9efef613a3,rti_tamil_nadu,rti_meta,legal_salience,en,no,templates/legal_salience.txt,applications/RA4/TN-1024.txt,10,30
TN-1025,RA2,Tamil Nadu,"7 (TN) BN NCC, MADURAI",YOUTH WELFARE AND SPORTS DEVELOPMENT DEPARTMENT,Sub Office,6af0bd916eb04847,rti_tamil_nadu,rti_meta,plain,en,no,templates/plain.txt,applications/RA2/TN-1025.txt,10,30
